NAME,FROM
,
一坑,
一溪,
一號溪,
丁子漏溪,
丁子蘭坑,
丁子蘭溪,
七分坑,
七打高溪,
七里溪,
七佳溪,
七股坑,
七家灣溪,
九仙溪,
九芎坑溪,
九芎林圳,
九岸溪(金仔溝溪),
九岸溪上游(金仔溝溪上游),
九崁溝,
九湖圳,
二仁溪(二層行溪),
二甲溪,
二坑,
二坪圳,
二林溪,
二重溪,
二重嶺溪,
二溪,
二號溪,
二寮坑,
二寮溪,
二櫃溪,
二鬮溪,
入莊圳,
八角坑,
八角林河,
八里溪,
八卦力溪,
八股坑,
八堵毛溪,
八連圳,
八連頂溪,
八連溪,
八頂溪,
八掌溪,
八煙溪,
八寮灣圳,
八邊溪,
八寶圳河道,
刀石坑,
力力溪(力里溪),
十九份溪,
十二小給線,
十二分坑,
十八份坑溪,
十八重溪,
十三分坑,
十五小給線,
十五間溪,
十文溪,
十四小給線,
十四坑,
十股坑,
十股溪,
十張犁圳,
三叉坑溪,
三屯圳,
三仙溪,
三民溪,
三份圳,
三份坑,
三光溪,
三合溪,
三百六坑,
三坑,
三坑溪,
三坎溝,
三重歷溪,
三家春坑,
三峽溪,大漢溪
三條圳幹線第一支線,
三富溪,
三棧北溪,
三棧南溪,
三棧溪,
三間二號圳,
三間屋溪,
三塊厝排水,
三塊厝溝,
三爺宮溪,二仁溪
三號溪,
三層坪坑,
三興坑排水,
三疊溪,北港溪
三灣圳,
下大坑,
下山坑排水,
下木浪坑,
下田溪,
下圭柔山溪,
下冷水坑圳,
下坑,
下坑溪,
下角港溪,
下坪仔排水,
下陰影窩溪,
下勞灣溪(樂合溪),
下痢坑,
下寮溪,
下橫坑,
下龍貍溪,
上水圳,
上四座屋圳,
上坑,
上坑支線,
上坪圳,
上坪溪,頭前溪
上坪攔河堰導水路,
上林圳,
丸田溪,
口社溪,
口隘溪,
土人頭坑,
土地公坑,
土地公埔一圳,
土地公溪,
土南坑,
土城溪,
土埋坑,
土庫溪,
土場溪,
土場溪(多望溪),
土濁坑,
士文溪,
大山溝,
大不岸溪,
大屯溪,
大牛林坑,
大丘園坑,
大北坑,
大北勢溪,
大古溪,
大平坑,
大平窩溪,
大甲九圳,
大甲溪,
大目幹溪,
大石坑,
大石板溪,
大石股圳,
大光明圳,
大宅坑,
大安圳幹線,
大安圳幹線媽祖田支線,
大安溪,
大竹圍一圳,
大竹溪,
大庄排水,
大冷坑,
大坑,
大坑缺溪,
大坑溝,
大坑溪,
大沙溪,
大肚溪,
大肚溪大排,
大里溪,頭汴坑溪
大和溪,
大坪圳,
大坪坑,
大坪林西幹線,
大坪林東幹線,
大坪溪,
大坡溪,
大東坑,
大東河,
大東勢溪,
大林圳,
大武崙溪,
大武溪(茶茶牙賴溪),
大社溪,
大金面第一湧泉圳,
大金面第二湧泉圳,
大金面湧泉圳,
大南坑,
大南河,
大南埔圳,
大南溪,
大南澳圳第一幹線,
大後溪(托阿沃溪),
大流溪,
大茅埔圳,
大俱來一號圳,
大埔美溪,
大埔溪,
大峰峰圳,
大烏溪,
大草排坑,
大草庴埤,
大豹溪,
大荖藤溪,
大匏崙溝,
大埤溝,
大崛坑,
大崙坑,
大崙溝,
大崙溪,
大梅溪,
大清水溪,
大深坑,
大雪溪,
大堀溪,
大湖口溪,
大湖坑,
大湖底溪,
大湖桶坑,
大湖溝,
大湖溪,宜蘭河
大溪,
大溪(石門溪),
大溪溪,
大溪墘溪,
大溪墘溪支線,
大窠溪,
大漢溪,淡水河
大漢溪上游,
大窩圳,
大窩溝,
大寮溪,
大龜崙圳,
大濱溪,
大礁溪,宜蘭河
大豐溪,
大羅蘭溪,
小丁子蘭坑,
小北勢溪,
小半山排水,
小瓦黑爾溪,
小冷坑,
小坑(哆囉固溪支流),
小坑仔溪,
小坑溪,
小東坑,
小東河,
小東勢溪,
小金面第二湧泉圳,
小南灣坑,
小清水溪,
小雪溪,
小飯壢溪,
小路溪,
小礁溪,宜蘭河
山有麻坑,
山坑排水,
山車廣溪,
山坪頂乾坑,
山柑溪,
山茶鍋坑,
山黃麻湖溪,
山腳圳,
山豬堀下坑,
山豬堀頂坑,
山興圳一支線,
山興圳二支線,
山興圳三支線,
山興圳五支線,
山興圳四支線,
工寮坑,
不老溪,
不知春排水溝,
中心崙坑,
中田寮二圳,
中坑,
中坑圳幹線,
中坑溝,
中坑溪,
中林溝,
中林溪,
中羌仔寮溪,
中埔子圳,
中崙溝,
中崙溪,
中莊大排水溝,
中莊溪,
中港,
中港溪,
中嵙溪,
中溝,
中路坑,
中濱溪,
中營圳,
丹大西溪,
丹大東溪,
丹大溪,
井子腳溝湖溝,
井仔坑,
井仔埤,
五十溪,宜蘭河
五分二圳,
五分坪二圳,
五分港溪,
五爪庵坑,
五凸分溝,
五里坑,
五里坑溝,
五里埔圳,
五股坑溪,
五重溪,
五崁溪,
五座屋下三嵌店圳,
五座屋圳,
五票坑,
五棚坑,
五湖上圳,
五湖中圳,
五溝水圳,
五溝水圳二線,
五溝水圳五線,
五溝水圳四線,
五福溪,
五寮河,
五權溪,
仁愛河,
內立坑,
內底林圳,
內社溪,
內城圳,
內城排水,
內洞溪,
內茅埔溪,
內埔子圳幹線,
內埔坑,
內島溪,
內惟埤九分圳,
內湖溪,
內暗坑,
內溝溪,
內寮溪,
內險坑,
內雙溪,
內灣圳,
內灣坑,
六斗坑,
六古溪,
六甲溪,
六秀坑,
六股溪,
六界溪,
六重溪,
六雙溪,
公司田溪,
公林溪,
公館支線,
匹亞桑溪,
天狗溪(田古爾溪),
天長溪,
夫布爾溪,
太平一圳,
太平二圳,
太平坑,
太平溪,
太石盤溪,
太麻里溪,
少年溪(布唐布那斯溪),
巴巴那班溪,
巴拉吾溪,
巴拉歐溪,
巴油溪,
巴朗溪,
扎孔溪,
文壯溪,
文秀坑溪,
文里溪,
文賢溪,
斗六東溪,
斗里斗里溪,
斗涵坑,
斗羅溪,
日本坑,
月眉二圳,
月眉圳,
月桂溪,
月桃溪,
木瓜溪,花蓮溪
木坑溪,
木屐溪,
木勝溪,
比林溪,
水井湖坑,
水母丁溪,
水母北溪,
水坑,
水坑溪,
水尾圳,
水尾坪圳,
水尾溝,
水汴頭上圳,
水里溪,
水底寮圳,
水底寮圳幹線,
水底寮坑,
水底寮溪,
水社水尾溪,
水長流溪,
水流東坑,
水流東坑第二支線,
水流東溪,
水流東溪支流,
水流娘圳,
水笨流溪,
水碓子圳,
水碓窠溪,
水道坑,
水粯頭圳,
水璉溪,
水磨坑溪,
水頭屋圳,
水頭寮圳,
火培溪,
火燒寮坑,
火燒寮溪,
牛山溪,
牛角坑,
牛角坑溝,
牛角坑溪,
牛角灣溪(涼山溪),
牛坪坑,
牛挑灣溪,
牛相觸一號坑,
牛相觸二號坑,
牛相觸圳,
牛埔子溪,
牛埔溪,
牛稠坑排水溝,
牛稠坑溪,
牛稠埔坑,
牛稠埔溪,
牛稠埤,
牛稠溪,朴子溪
牛運堀排水,
牛寮溝,
牛寮溪,
牛轀轆圳,
牛欄坑,
牛欄坑溪,
牛欄河,
王爺坑,
王榜圳,
他里霧埤,
仙人圳幹線,
仙人圳幹線下崁支線,
仙人圳幹線新寮支線,
仙水坑,
仙洞指坑,
出水坑,
出水溪,
凸鼻溪,
加九寮溪,
加冬坑,
加正坑圳,
加走寮溪,
加拉板溪,
加津林溪,
加拿水溪,
加拿典溪,
加納富溪,
加都魯溪,
加鹿溪,
加塱溪,
加龍溪,
加蘭溪,
包安溪,
北山坑圳,
北山坑溪(木履欄溪),
北太麻里溪,
北斗溪,
北打鐵坑,
北圳,
北圳南線分圳,
北坑,
北坑(水璉北溪),
北坑圳,
北坑溝,
北坑溪,
北岸河,
北底溪,
北門口二圳,
北門坑,
北峰溪,
北港溪,烏溪
北絲鬮溪,
北勢坑,
北勢坑溪,
北勢溪,
北勢溪(新港溪),
北勢溪排水,
北勢窩溪,
北溝溪,
北溪,
北寮坑溪,
北寮溪,
半山坑排水,
半屏溪,
半嶺溪,
卡丹溪,
卡布里娃欄溪,
卡拉溪,
卡社溪,
古井坑,
古老埤,
古拉溪(庫拉濃溪),
古楓溪,
司馬按溪,
史港溪,
台牛坑,
台牛溪,
台板溪,
四分溪,
四好橋溝,
四坑,
四季溪,
四重溪,
四重歷溪,
四區溪,
四堵溪,
四湖溪,
四溝水圳,
四溝水圳一線,
四溝水圳二線,
四號溪,
四寮坪圳,
四線橋圳,
外湖溪,
外雙溪,
布布爾溪,
布由巒溪,
布拉布拉溪,
布蕭丸溪,
平山坑排水,
平坑,
平林溪,
平頂溪,
平廣溪,
幼坑,
打比厝溪,
打狗溪,
打鹿坑,
打落馬溪,
打廓溪,
打鐵坑,
打鐵坑溪,
本館排水溝,
末尾坑,
民和水圳,
民治溪,
永定溪,
永豐圳,
汀埔圳,
玉水溪,
玉桂坑,
玉崙溪(地利溪),
瓦崗溪,
瓦黑爾溪,
瓦瑤溪(水尾溪),
瓦魯斯溪,
甘井坑,
生明圳,
田子墘溝,
田心子溪,
田仔坑,
田尾坑,
田新二圳,
田寮河,
田寮溪,
田螺溪,
由旦溪,
甲九圳,
白不仔溪,
白水溪,
白石溪,
白米河,蘇澳溪
白冷圳,
白沙彌溪,
白葉坑圳,
白鮑溪,
白嶺溪,
白蘭溪,
石子坑溪,
石子溪,
石山溝,
石井溪,
石公溪,
石牛溝,
石牛溪,虎尾溪
石平溪,
石灰水坑,
石灰坑,
石坑,
石坑子,
石坑溪,
石秀灣,
石角溪,
石門圳,
石門溪,
石厝溝,
石哢溪,
石曹溪,
石梯港溪,
石圍牆圳,
石牌坑,
石雅溪,
石楠溪,
石硿子溪,
石腳桶溪,
石鼓盤溪,
石碇溪,
石寧埔溪,
石榴班溪,
石盤溪,
石磊溪,
石壁坑,
石壁坑圳,
石壁溪,
石壁潭新圳,
石頭公二坑,
石頭公三坑,
石頭公四坑,
石頭坑,
石頭溪,
石燭坑溪,
石觀音坑,
立霧溪(塔次基里溪),
立霧溪(達基利溪),
立霧溪(達梓里溪),
圣子坑,
圣田溝,
伊霍霍爾溪,
仲岳溪,
光復圳角池支線,
光復溪,花蓮溪
光華坑,
吉田溪,
吉安溪(七腳川溪),
吉洋溪,
吊崙坑,
吊橋坑,
合流溪,
合歡溪,
圳寮坑,
圳頭坑,
圳頭坑溪,
圳頭溪,
地那巴蘭溪,
在來溪谷,
多利溪,
好收圳幹線,
好茶溪,
好蘭溪,
宇內溪,
宅後溝,
安平坑,
安來溪,
安坡溪,
安夜西溪,
安朔溪,
安朔溪支流,
安通溪,
安農溪,
尖刀尾溪,
尖子鹿溪,
尖山下圳,
尖山坑溪,
尖山湖小坑溪,
尖山溪,
尖仔坑溪,
成渠一圳,
成德圳一線,
成德圳二線,
成德圳五線,
成德圳六線,
托竹路坑,
托亞奇伊溪,
托博闊溪,
旭海溪,
有水坑,
有勝溪,
有應公坑,
朴子溪,
次考干溪,
次高溪,
次高溪北源,
江某溪,
江森溝,
灰瑤子溪,
灰寮溪,
灰窯溪,
百字坑溪,
竹子坑,
竹子門溝,
竹子腳坑,
竹仔坑,
竹仔坑溪,
竹仔溝,
竹坑,
竹坑北坑,
竹坑溪,
竹東北圳,
竹東圳,
竹東圳支線,
竹東南圳,
竹林坑排水,
竹林南溪,
竹林埤,
竹社溪,
竹崙溪,
竹圍子上圳,
竹圍圳,
竹圍埤東溪,
竹圍溪,
竹湖溪,
竹腳溪,
竹窩溪,
竹篙坑,
竹興坑排水,
米米拉喜溪,
米亞桑溪,
米粉寮溪,
米粉寮溪第一支線,
米摩登溪,
米籠坑,
羊稠坑溪,
老人北溪,
老人南溪,
老田寮溪,
老西溪,
老坑溪,
老社寮圳,
老梅溪,
老莊溪,
老街溪,
老碑圳,
老藤湖坑,
耳無溪,
西公林溝,
西坑,
西定河,
西都驕溪,
西都驕溪支流,
西都驕溪支線,
西港坑,
西湖溪,
西湖溪支流,
西勢坑,
西勢溪,
伽溪,
但僈溪,
伯公坑溪,
伯公溪,
冷水坑,
冷水坑溪,
利哈岸溪,
利嘉溪,
吧沙加魯溪,
吳再溪,
吳厝北圳,
呂範溪,
坊寮坑,
坑口埤,
坑口溪,
坑子口圳,
坑子溪,
坑內坑,
坑內溝,
坑內溪,
坑仔背坑,
坑角溝,
坑埤圳,
宋文坑,
尾敏溪,
尾寮溪,
志樂溪,
旱坑,
旱知溪,
旱溪,烏溪
杜風溪,
沙坑,
沙里仙溪,
沙河溪,
沙崙溪,
沙連溪,
沙溪河,
沙漠溪,
汶水河,
汶水溪,
牡丹溪,
秀水寮坑,
秀姑巒溪,
秀柯溪,
秀巒溪,
肚兜角圳,
良里溪(卡那剛溪),
良宗圳,
良鑾溪,
芒子芒埤幹線第一支線,
芒子芒埤幹線第二支線,
芒子芒埤幹線第四支線,
芒果坑溪,
芋真崙坑,
角坑,
角埔溪,
谷溪,
豆子埔溪,
赤山圳,
赤山圳七線,
赤山圳五線,
赤山圳六線,
赤山新圳,
赤皮寮溪,
赤鹿坑溪,
赤塗崎溪,
赤蘭坑,
赤蘭溪,八掌溪
車城埤幹線,
邦復坑圳,
邦復坑圳第一支線,
邦復坑圳第二支線,
邦復坑圳第二支線一分線,
邦復坑圳第三支線,
邦腹北溪,
邦腹南溪,
邦腹溪,
那多繳薩溪,
那托爾溪,
那次蘭溪,
那拔林溪,
那馬喀班溪,
那羅溪,
里仁溪(汝仍溪),
芎林舊圳,
芎蕉坑,
芊蓁坑溪,
芊蓁林溪,
佳佐圳,
佳佳站溪,
佳保溪,
來布安溪,
來社溪,
典寶溪,
刺仔埔,
卓棍溪,
卓溪,秀姑巒溪
卑南溪,
咕咾坑,
和平北溪(大濁水溪北溪),
和平南溪(大濁水南溪),
和平南溪(大濁水溪南溪),
和平溪(大濁水溪),
和社溪,
和興溪,
坪林坑,
坪溪,
坪瀨溪,
坦水坑溪,
奇美西溪,
奇美東溪,
奇美溪,
奇萊溪(柴田溪),
奄江岸坑,
姑子崙溪,
姑娘溪,
姑婆寮溪,
官田溪,
宜蘭河,蘭陽溪
岡山仔溪,
岡山溪,
岡林溪,
帖布帖開溪,
帖畢倫溪,
店子岡崁下圳,
怕怕西溪,
怡堪溪(知亞干溪),
房裡溪,
拉巴薩巴溪,
拉巴灣溪,
拉克斯溪,
拉里吧溪,
拉庫邦溪,
拉庫音溪,
拉濫溪,
拔子溪,
拔西猴溪,
拔馬坑,
抽藤坑,
抵美簡圳,
抬耀溪,
斧頭坑溪,
昌坑溝,
枋子坑溝,
枋子崙溪,
枋子頭坑,
枋山溪,
枋仔寮溪,
枋腳溪,
枋寮一圳,
枋寮大圳,
枋寮溪,
東天湖坑,
東水坑,
東卯溪,
東光溪(木屐蘭溪),
東圳支線,
東坑,
東汴坑溪,
東武荖坑溪,
東河,
東門溪,
東洗水溪,
東埔圳,
東埔蚋溪,
東峰溪,
東清北溪,
東清溪,
東眼溪,
東莊溪,
東鹿坑溪,
東港溪,
東勢坑,
東勢坑溪,
東勢格溪,
東勢溪,
東勢閣坑,
東勢閣溪,
東廣寮溪,
東澳北溪,
東澳南溪,
東壘溪,
東巒大山西游,
林口溪,
林子坑,
林子排水,
林子頭溪,
林內圳,
林尾溪,
林祿溪,
林邊溪,
松子腳溪(彎崎溪),
松柏坑,
松柏坑溪,
松風溪,
松溪,
松羅溪,
武洛溪,荖農溪
武荖坑溪,
武鹿溪,
武營溪,
泥水北溪,
泥水南溪,
泥水溪,
河內溪,
波羅汶溪,
法落安溪,
油車坑,
油車溪,
油羅溪,頭前溪
狗寮溪,
直坑,
直瀨溪,
知本溪,
社子南圳,
社子溪,
社皆坑溪,
社厝坑圳,
社寮坑,
羌子寮溪,
芳美圳,
芭拉溪,
芭樂坑,
芭樹埤排水,
芭蕉溪,
花草坑,
花園溪,
花蓮溪,
虎仔坑,
虎穴仔溝,
虎地坑,
虎尾溪,北港溪
虎形溝,
金子坑,
金包里溪,
金瓜坑,
金瓜溪,
金瓜寮坑,
金瓜寮溪,
金長源圳,
金面溪,
金崙溪,
長田岸圳,
長枝坑溪,
長城溪,
長寮圳,
長濱溪,
長雙坑,
阿士文溪,
阿寸溪,
阿公店溪,
阿玉溪,
阿冷坑,
阿里山溪,
阿里不動溪,
阿里史溪,
阿里史溪後湖支線,
阿里磅溪,
阿花來溪,
阿眉溪,
阿美仔坑,
阿烏溪,
阿勢坑,
阿塱衛溪,
阿樂阿樂岸溪,
阿彌陀坑,
青番頭坑,
青潭溪,
保力溪,
保成坑,
保長坑溪,
保養溪,
南三間屋溪,
南山溪,
南仁鬱溪,
南北橋圳,
南平坑,
南打鐵坑,
南打鐵坑圳,
南石寧埔溪,
南圳,
南坑,
南坑(水璉南溪),
南坑頂圳,
南坑溪,
南投埤坑,
南坪圳,
南河,
南河圳,
南河溪,
南風寮坑,
南埔圳,
南埔溪,
南崁圳,
南崁頂圳,
南崁溪,
南掃別溪,
南清水溪,
南港溪,烏溪
南港溪(南烘溪),
南港溪(頭股溪),
南港溪上游,
南湖坑,
南湖溪,
南雅大坑,
南勢坑,
南勢坑溪,
南勢埔坑排水,
南勢湖溪,
南勢溪,
南溪,
南溪(仙水溪),
南靖溪,
南榮河,
南寮溪,
南澳北溪,南澳溪
南澳南溪,
南澳溪,
南興溪,
南頭河,
南龍圳,
南龍坑溪,
南灣溪,
厚殼溪,
叛散埤,
哈尤溪,
哈盆溪,
城子埔二號圳,
城山溪,
城埔溪,
城廓圳,
奎輝溪,
姜子寮坑,
姜子寮溪,
客人坑,
客雅南北圳,
客雅溪,
屎穴溝,
巷內坑,
建和溪,
待人北坑,
後大埔溪,
後旦溪,
後坑子坑,
後坑子溪,
後坑仔溪,
後坑溪,
後村圳,
後勁溪,
後勁溪後勁支線,
後厝溪,
後堀溪,曾文溪
後港溪,
後湖溪,
後街溪,
後寮溪,
後層坑,
後壁坑,
後壁溪,
後龍溪,
思樣子坑,
急水溪,
拜律溪,
指南溪,
拱子溝,
拱子溝溪,
拷潭大排水溝,
春日溪,
柯厝坑,
柯殼溪,
柑子林溝,
柑仔山溪,
柑仔坑,
柑仔坑(牛相觸三號坑),
柑林坑,
柑腳溪,
柚子腳坑,
柚子頭溪,
柚仔坑,
柚仔坑溪,
柳仔坑,
段巷溪,
泉水坑,
泉州厝溝,
洋仔厝溪,
流東溪,
流壁下坑,
流藤坑溪,
洗水坑,
洗布埤,
洽溪,
炭坑,
炭寮坑,
珍東坑,
界橋溪,
眉原溪,
眉溪,貓羅溪
砂仔坑溝,
砂卡礑溪,
砂崙河,
科蘭溪,
穿龍圳山幹線,
穿龍圳北幹線,
穿龍圳南幹線,
紅土溪,
紅毛港,
紅毛溪,
紅水仙溪,
紅水瑔溪,
紅仔抖坑,
紅仙泉坑,
紅石溪,
紅花園坑溝,
紅泉坑,
紅菜坑,
紅葉圳,
紅葉溪,秀姑巒溪
紅橋溪,
紅頭溪,
美秀溪,
美崙溪(娑婆礑溪),
美雅溪,
美濃溪,
美優溪,
美羅坑溝,
美羅溪,
胡桶小坑排水溝,
苧仔寮坑,
苧園坑,
茅仔埔圳,
茅埔圳,
茅埔坑,
茅草山溝,
苦瓜寮坑,
苦竹溪,
苦林坑,
苦苓湖溪,
苦苓腳排水,
苦苓腳溪,
茄冬坑,
茄苳坑,
茄苳排水,
茄苳溪,南崁溪
茄苳腳排水溝,
茄苳寮溪,
茄苳樹坑,
茄苳瀑布,
茄荖溪,
苑裡溪(大埔溪),
苓仔溪(苓仔齋溪),
軍功寮溪(龍眼林溪),
重安溪,
面埔前溪,
韭菜坑,
韭菜湖溪,
風尾坑,
風美溪,
風騷溝,
食水坑,
食水嵙溪,
香茅坑,
香菇溪,
倒踏坑,
倉庫溪,
凍子腳溪,
員林坑溪,
員潭子一圳,
員潭子三圳,
員潭坑,
員潭溪,
埔心溪,
埔坑,
埔羌溪,
埔萎林坑,
埔頭圳,
埔頭坑溪,
埔頭溪,
宵里溪,
峨眉溪,
崁頂坑溪,
崁頂溪,
崁腳圳,
崁頭溪,
庫志溪,
庫拉濃溪,
朗島東溪,
桂竹林坑,
桂竹林河,
桂林坑,
桑洞溪,
柴坑,
格仔坑溪,
桃仔腳導水線,
桃米溪,
桃源溪,
泰平溪,
泰西圳,
泰林溪,
泰崗溪,
泰源南溪,
海口上圳,
海口圳,
海口埤,
海老溪,
海尾溪,
海湖溝,
海豐崙溪,
浮圳排水溝,
浮洲溪,
烏山頭水庫主流,
烏牛欄溪,
烏仙崙溪,
烏石坑溪,
烏石坑溪上流,
烏乾坑溪,
烏塗溪,
烏溪,
烏溪(大肚溪),
烏萬溪,
烏爾托博哈溪,
班芝埔溪(油礦溪),
珠子山圳,
留茂安溪,
益則坑,
真柄溪,
破礑溪,
神秘谷,
索那拉溪,
紙寮坑,
翁子社溪,
能高大圳西幹線,
能高大圳東幹線,
臭水西溝,
臭水東溝,
臭水溝,
草人坑,
草山溪,
草山溪(沙美箕溪),
草圣溝,
草厝溪,
草湖溪,頭汴坑溪
草溪,
草寮坑,
草潭埤灌溉排水路,
草嶺溪,
草濫溪,
草蘭溪,
茲那谷溪,
茶茶牙頓溪,
蚊子坑,
貢寮溪,
起拉嚕溪,
郡大北溪,
郡大南溪,
郡大溪,
郡坑,
郡坑溪,
郝馬戛班溪,
酒槽坑,
馬斗欄坑,
馬凹溪,
馬加祿溪,
馬奴爾溪,
馬佛溪,
馬那漢溪,
馬里山溪,
馬岸溪,
馬武溪,
馬武窟溪,
馬家溪,
馬海僕溪上流,
馬崙溪,
馬戛次託溪,
馬當溪,
馬達吉達溪,
馬達拉溪,
馬鈴坑,
馬槽溪,
馬鄰坑,
馬鞍溪(馬太鞍溪),
馬霍拉斯溪,
骨頭坑,
高水坑,
高坡溪,
高屏溪,
高埔下圳,
高埔上圳,
高埔圳,
高崗圳一線,
高崗圳二線,
高雄圳,
高寮溪,
高貒溪,
鬼仔坑,
荖土坑,
荖伙坑溪,
荖溪,
荖寮坑,
荖濃溪,高屏溪
蚋仔溪,
乾水坑,
乾溪,旱溪
乾溪(乾溝),
乾溪仔(牛相觸西坑),
匏仔園溝,
匏仔寮溪(後湖溪),
啞口坑溪,
唯金溪,
國姓圳,
埤日溪,
埤仔溝,
埤南溪,
埤頭山圳,
基隆河,淡水河
密枝溪,
將軍溪,
將軍溪上游分線,
將軍溪上游線,
崇蘭圳,
崇蘭新圳,
崇蘭舊圳,
崎尾溪,
崑崙坑,
崩山溪,
崩坪坑,
崩溝坑溪,
崙子溪,
崙天溪,
崙尾坑,
崗山溪,
康誥坑溪,
得子口溪,
得谷坑,
得勝溝,
掃叭圳第一支線,
掃叭圳第二支線,
掃叭圳第三支線,
掃叭圳第四支線,
掃別溪,
排水道,
排竹坑溪,
排谷溪,
救國救爾溪,
旋塘溪,
梵梵溪,
桶後溪,
梗枋溪,
梆物坡圳,
梅林溪,
梅堰堤坑,
殺蛇溪,
淡水河,
淡坑,
清水坑,
清水坑溪,
清水谷溪,
清水港,
清水溝,
清水溝溪,
清水溪,濁水溪
清水溪(布唐薩諾阿爾溪),
清昌溪,
清流溪,
清華圳,
清華圳一線,
清華圳二線,
清華圳三線,
清德坑,
涵口溪,
深水溪,
深坑,
深坑子溪,
深坑子溪(安保溪),
深坑溪(大溪),
深溝,
爽文坑,
牽牛坑排水溝,
牽牛路坑,
犁頭山溪,
犁頭坑,
率芒溪,
瓠瓢坑,
盛興坑,
硫礦坑,
粗坑,
粗坑溪,
粗紙坑溪,
粗溝,
統嶺坑,
船仔頭溪,
船形坑,
船底窩溪,
莫很溪,
莊內圳,
蚯蚓坑,
袖子坑溝,
許大湖溝,
許縣溪,
軟埤坑,
通霄溪,
造橋溪,
都老老恩溪,
都威三號圳,
都威溪,
都歷溪,
都蘭溪,
野銀溪,
陳有蘭溪,濁水溪
陳厝坑溪,
陳寶坑溪,
陰溝圳,
陶塞溪,
雪山坑溪,
雪山坑溪上流,
雪霧鬧溪,
頂南圳,
頂粗坑溪,
魚池溪,
魚寮溪,
鳥仔坑,
鳥松坑,
鳥巢坑,
鹿耳門溪舊道,
鹿角坑溪,
鹿野溪,卑南溪
鹿場溪,
鹿渡坑,
鹿湖溪,
鹿嗚坑,
鹿鳴溪,
鹿寮仔坑,
鹿寮北溪,
鹿寮坑,
鹿寮南溪,
鹿寮溪,卑南溪
鹿寮溪(友蚋溪),
鹿廚坑溝,
麥巴來溪,
麻必浩溪,
麻竹坑,
麻竹坑溪,
麻利霧溪,
麻里都部溪,
麻園溪,
麻漏溪,
唭子坑,
崠腳溪,
博博猶溪,
喀特博拉溪,
喬國拉次溪,
堤那巴蘭溪,
堰宰坑,
富林溪,
富家溪,
富源溪,秀姑巒溪
富源溪(馬蘭鉤溪),
富興溪,
尋腰溪,
彭仔存溪,
彭厝溪,
惡浪坑溪,
斯瓦達阿溪,
斯其野溪,
普亞汝溪,
景山溪,
景美溪,新店溪
智腦灌溉水道,
智慧溪,
曾文溪,曾文溪
曾文溪上游,
朝庸溪,
港口溪,
港尾子溪,
港東溪,
港澳溪,
渡子頭溪,
湧水溪,
湖子厝圳,
湖肚一圳,
湖肚二圳,
湖底坑,
湖桶坑,
湯圍溪,
無水溪,
無名溪,
猴山坑,
猴洞坑,
猴洞坑溪,
猴猴坑,
猴龍溪,
猴櫥底坑,
番子田圳,
番子坑,
番子窩坑,
番子寮圳幹線,
番子寮溪,
番子鹽溪,
番仔坑,
番仔城坑,
番仔崙埤,
番仔寮埤,
番尾坑,
番社坑溪,
番社溪,
番厝坑,
番埤圳,
番婆坑,
番婆夾坑,
番婆寮坑,
番寮溪,
登仙溪,
發祥溪,
稍來坪坑,
稍來溪,
筆石溪,
筏子溪,烏溪
菁斛坑,
菁礐溪,
華綠溪,
華興溪(到孔山溪),
菜公坑圳,
菜園溪圳,
菜寮溪,
街尾圳,
象鼻坑,
貴子坑溪,
貴仔坑溪,
跌死人坑,
跌馬坑,
逮魚堀溪,
逸久溪,
隆隆溪,
集會所溪(雷火溪),
雲林溪,
須美基溪,
飲水坑,
黃肉坑,
黃肉溪,
黃狗坑溪,
黃麻溪,
黃鳳鳴圳,
黃德坑溪,
黑石坑,
黑石壁圳,
黑肉肚腳溪,
黑東溝,
湳子溝溪,
湳仔坑,
湳仔溝溪,
莿桐腳埤圳,
僅那鹿角溪,
嗅水溪,
圓埔溝,
塔乃庫溪,
塔古夫庫拉溪,
塔瓦溪,
塔克金溪,
塔流溪,
塔洛木溪,
塔曼溪,
塔達芬溪,
塔寮溪,
塔寮溪後港支線,
塔羅留溪,
塔羅塔羅曾北溪,
塔羅塔羅曾南溪,
塔羅灣溪,
塭子川,
慈恩溪(魯翁溪),
新打坑,
新田圳,
新圳,
新庄圳,
新店溪,淡水河
新武呂溪,卑南溪
新社坑,
新虎尾溪,
新城圳,
新城東溪,
新城溪,
新屋溪,
新埔土地公埔一圳,
新班鳩溪,
新莊子溪,
新莊小溪,
新莊溪,
新都驕溪,
新港北溪,
新港南溪,
新港溪,
新街埤幹線,
新街排水,
新街排水溝,
新街溪,
新開溪,
新隆河(老雞隆河),
新園溪,
新路溪(塔加寮溪),
新寮溪,
新橋溪,
新興坑排水,
新豐溪,
會埔大圳,
楠坑溝,
楠梓仙溪,
楠梓溪,
楠溪,
椰油南溪,
椰油溪,
楊岸溪,
楓林溪,
楓港溪,
楓樹坑,
楓樹湖南溪,
楓樹溪,
楓樹腳溪,
楓樹腳溪支線,
楓樹潭圳,
楣子寮溪,
源城溪(無尾溪),
溝坪溪,
溫水坑溪,
溫泉溪,
溫寮溪,
溪仔口溪,
溪州溝排水,
溪州溪,
溪底溝,
溪洲圳,
溪洲溪,
溪頭下埤,
溪邊寮圳,
煙寮坑,
照平坑,
照東坑,
煌秀坑,
爺巴堪溪,
獅子頭溪,
獅潭川,
獅頭坑,
獅龍溝,
獅龍溪,
瑞岩溪,
瑞樹坑溪,
矮山坑,
萬丈深坑,
萬大北溪,
萬大南溪,
萬大溪,
萬斗六坑,
萬安溪,
萬年溪,
萬里溪(萬里橋溪),
萬里磺溪,
萬朝溪,
萬巒碑一支線,
萬巒碑二支線,
義興溪,
腳毛圳,
腦寮溪,
葫蘆坑,
葉子寮溪,
蜈蚣溝,
蜈蚣溪,
蜈蜞坑,
蜂仔坑,
補拉米溪,
裡冷溪,
跳瓜坑,
運河,
運動場圳,
達巴拉頓溪,
達美漢溪,
達茵荷對溪,
達莫溪,
過溝溪,
過溪(田子溪),
隘口寮溝,
隘口寮溪,
隘界圳,
隘寮北溪,
隘寮南溪,
隘寮溪,荖農溪
雷公坑,
雷公坑(乾溪),
雷公埤溝,
雷公溪,
電子坑,
電火溪(城廓圳),
鼎底窩,
嘉武溪,
嘉農溪,
嘉興排水,
嘉寶溪,
壽豐溪(知呀漢溪),
寧埔溪,
實谷富溪,
廓子埤支線,
廓子溪,
摸乳巷坑,
旗山溪,高屏溪
旗南灌溉圳,
榮華溪,
榴公圳,
演戲埔腳圳,
滴水坑溪,
漁人溪,
熊空溪,
瑪谷溪,
瑪陵坑溪,
瑪鍊溪,
瑪韃娜溪,
碧水溪,
碧旦溪,
碧湖溪,
碧綠溪,
福烘溪,
福德坑圳,
福德坑溪,
福興坑排水,
福興溪,
福龜圳,
福龜林圳,
種瓜坑,
箕南窩溪,
綠茂溪,
網紗溪,
銅鑼圈圳,
鳴頭坑,
鳳山溪,
鳳山溪支線,
鳳林溪,
鳳梨坑,
鳳溪(巴托魯溪),
墘溪,
廔布魯溪,
劉陳坑,
廟後坑,
廟料坑,
廣源記圳,
德盛溪,
德龜溪,
德龜溪中崙支線,
樟平溪,
樟湖坑,
樟湖溪,
樟腦寮坑,
樁谷溪,
樂合溪,
樂樂溪,秀姑巒溪
樂樂溪(拉庫拉庫溪),
潭仔底溝,
潭頂溪,
犛園寮坑,
盤山坑溪,
碼崙溪,
線美溪,
蔗廓坑,
蓮生坑,
蓮花池坑,
蓮花池溝,
蝦仔坑,
豬灶溪,
豬屠溝,
霄裡溪,鳳山溪
駝背橋坑,
魯丹溪,
澐水溪,
學仔溪,
學校坑,
橫山溝,
橫圳支線,
橫坑,
橫坑溪,
橫流溪,
橫溝,
橫溪,
橫窠溪,
樹杞林圳,
樹林溪(七股中排),
樹梅坑溪,
樹湖溪,
樹橋窩,
橋頭寮溪,
濁口溪,
濁水坑,
濁水坑溪,
濁水溪,
濁水溪(西螺溪),
濁水溪(奇萊主溪),
濁水溪(馬咕帶溪),
濁水溪上游,
燒灰子坑,
燒炭坑,
燒炭窩溪,
燒寮坑,
燈潭河,
燕子巢,
燕坑,
獨座溪,
磨力溪,
磨仔港溪,
興化店溪,
興店圳,
蕃薯溪,
蕃薯寮溪,
蕉仔湖溪,
褲頭溝,
貓公溪(八里灣溪),
貓羅坑排水,
貓羅溪,烏溪
錢厝坑,
錦安坑,
錦屏溪,
霍俄索溪,
頭坑,
頭坑溪,
頭汴坑溪,烏溪
頭汴坑溪(南溪),
頭社排水溝,
頭前溪,
頭城溪,
頭洲溪,
頭重溪,
頭湖圳,
頭溢坑,
頭溝水圳,
頭溝溪排水,
頭溪,
駱駝坑,
龍目井溪,
龍虎斗坑,
龍泉圳,
龍泉溪,
龍洞溪,
龍崗北坑,
龍崗南坑,
龍喉坑,
龍蛟溪,
龍溪(巴托蘭溪),
龍鑾潭排水溝,
龜丹溪,
龜內溪,
龜仔坑,
龜洞溪,
龜重溪,
龜殼溪,
龜頭坑,
憨狗崙坑,
檜溪,
濟水坑,
澀子坑,
營盤坑溪,
營盤溪,
燥坑,
磺港溪,
磺溪,
磺窟溪,
礁雙溪,
糠榔溪,
糠溝溪,
糞箕湖幹線,
糞箕窩溪,
螺仔溪,
鍾連溪,
闊闊庫溪,
闊闊斯溪,
霞喀羅溪,
霞雲溪,
鴿鳥坑溪,
檍仔林坑,
甕仔坑,
舊二林溪,
舊公館二圳,
舊公館圳,
舊生毛樹溪(大溪),
舊社埤,
舊虎尾溪,
舊班鳩溪,
舊莊溪,
舊港圳,
舊寮溪,
舊濁水溪(麥嶼溪),
薩夫薩夫魯夫溪,
薩克亞金溪,
藍仔田坑,
豐坪溪(太平溪),
豐坪溪上游(太平溪上游),
豐泉圳,
轉溝水圳,
鎮平溪支線,
雙面坑,
雙連溪,
雙溝,
雙溪,
雙溪口溪,
雙溪子坑,
雙腳圳,
雙龍坑(甕子坑),
雞柔排溪,
雞籠坑,
鯉魚石坑,
鯉魚尾坑,
鯉魚頭坑,
壟鉤坑,
廬芝坑溝,
羅東溪,蘭陽溪
羅英溪,
藤寮溪,
藤橋溪,
關刀山坑,
關刀溪,
關廟溪,
霧社溪,
霧峰圳,
霧霜排水,
麒麟坑,
麗太溪,
寶斗厝坑,
寶斗溪,
寶里苦溪,
寶來溪,
瀰力河,
蘇魯坑,
騰崎仔腳溪,
鹹水坑,
籐寮坑溪,
蘭陽溪,
露門溪,
鶴岡溪,
巒大溪,
讀卜吾溪,
鷺山坑,
鹽土坑,
鹽土溪,
鹽水坑,
鹽水坑溝,
鹽水坑溪,
鹽水溪,
鹽地仔溝,
鹽桑坑,
鹽埕溪,
鹽港溪,
鹽濱一號圳,
鹽濱二號圳,
鹽濱三號圳,
鹽濱六號圳,
鹽濱四號圳,
欖仁溪,
灣丘溪,
灣坑,
灣潭溪,
灣橋排水溝,
觀石溪,
觀音山圳,
觀音山溪,
觀音坑,
觀音坑溪,
觀音溪,
鱸曼洞圳,
虌溪,
