item,itemLabel
http://www.wikidata.org/entity/Q10865357,三光溪
http://www.wikidata.org/entity/Q10884874,伊卡丸溪
http://www.wikidata.org/entity/Q10890333,光復溪
http://www.wikidata.org/entity/Q10903689,北港溪 (新北市)
http://www.wikidata.org/entity/Q10908511,南港溪
http://www.wikidata.org/entity/Q10908512,南港溪
http://www.wikidata.org/entity/Q10922374,員潭溪
http://www.wikidata.org/entity/Q10941454,太平溪
http://www.wikidata.org/entity/Q11076948,拉庫音溪
http://www.wikidata.org/entity/Q11083038,新武呂溪
http://www.wikidata.org/entity/Q11105319,枋山溪
http://www.wikidata.org/entity/Q10892312,八甲溪
http://www.wikidata.org/entity/Q10934411,大坑溪
http://www.wikidata.org/entity/Q10865829,三富溪
http://www.wikidata.org/entity/Q10867286,上坪溪
http://www.wikidata.org/entity/Q10892491,八里溪
http://www.wikidata.org/entity/Q10936117,大武溪
http://www.wikidata.org/entity/Q10954331,富林溪
http://www.wikidata.org/entity/Q10955546,寧埔溪
http://www.wikidata.org/entity/Q11084349,新豐溪
http://www.wikidata.org/entity/Q11103817,東澳溪
http://www.wikidata.org/entity/Q11105323,枋溪
http://www.wikidata.org/entity/Q10864577,七家灣溪
http://www.wikidata.org/entity/Q10900908,加蘭溪
http://www.wikidata.org/entity/Q10903688,北港溪 (南投縣)
http://www.wikidata.org/entity/Q10906092,卓溪
http://www.wikidata.org/entity/Q10908561,南湖溪
http://www.wikidata.org/entity/Q10946504,安坑溪
http://www.wikidata.org/entity/Q10946883,安朔溪
http://www.wikidata.org/entity/Q10958486,小坑溪
http://www.wikidata.org/entity/Q11051813,峨眉溪
http://www.wikidata.org/entity/Q11060970,平廣溪
http://www.wikidata.org/entity/Q11070260,後龍溪
http://www.wikidata.org/entity/Q11075505,房裡溪
http://www.wikidata.org/entity/Q11090268,智慧溪
http://www.wikidata.org/entity/Q10935212,大崙溪
http://www.wikidata.org/entity/Q10875823,中港河
http://www.wikidata.org/entity/Q10898297,利嘉溪
http://www.wikidata.org/entity/Q10902629,北坑溪 (新竹市)
http://www.wikidata.org/entity/Q10908662,南澳溪
http://www.wikidata.org/entity/Q10913732,叭嗹溪
http://www.wikidata.org/entity/Q10917085,吉安溪
http://www.wikidata.org/entity/Q10921471,和平溪
http://www.wikidata.org/entity/Q10925394,四重溪
http://www.wikidata.org/entity/Q10930702,塔克金溪
http://www.wikidata.org/entity/Q10930761,塔寮坑溪
http://www.wikidata.org/entity/Q10930901,塔瓦溪
http://www.wikidata.org/entity/Q10934412,大坑溪 (臺中市)
http://www.wikidata.org/entity/Q10934954,大富溪
http://www.wikidata.org/entity/Q10935069,大屯溪
http://www.wikidata.org/entity/Q10941891,太麻里溪
http://www.wikidata.org/entity/Q10956041,寶來溪
http://www.wikidata.org/entity/Q10957359,將軍溪
http://www.wikidata.org/entity/Q11070207,後勁溪
http://www.wikidata.org/entity/Q11071065,得子口溪
http://www.wikidata.org/entity/Q11076868,拉克斯溪
http://www.wikidata.org/entity/Q11092532,朝庸溪
http://www.wikidata.org/entity/Q10932409,外雙溪
http://www.wikidata.org/entity/Q10934622,大堀溪
http://www.wikidata.org/entity/Q11047429,山間溪
http://www.wikidata.org/entity/Q11082238,新安溪
http://www.wikidata.org/entity/Q11094995,朴子溪
http://www.wikidata.org/entity/Q11104751,松溪
http://www.wikidata.org/entity/Q10879948,乾華溪
http://www.wikidata.org/entity/Q10916847,合歡溪
http://www.wikidata.org/entity/Q10930142,埔坪溪
http://www.wikidata.org/entity/Q10956226,寶斗溪
http://www.wikidata.org/entity/Q11064064,康誥坑溪
http://www.wikidata.org/entity/Q11064256,廍子溪
http://www.wikidata.org/entity/Q11080190,文里溪
http://www.wikidata.org/entity/Q11105599,林口溪
http://www.wikidata.org/entity/Q10877284,丹大溪
http://www.wikidata.org/entity/Q10866204,三棧溪
http://www.wikidata.org/entity/Q10878902,九棚溪
http://www.wikidata.org/entity/Q10892431,八連溪
http://www.wikidata.org/entity/Q10916567,司界蘭溪
http://www.wikidata.org/entity/Q11061494,幸福川
http://www.wikidata.org/entity/Q11079544,文元溪
http://www.wikidata.org/entity/Q11092070,有勝溪
http://www.wikidata.org/entity/Q11103213,東埔蚋溪
http://www.wikidata.org/entity/Q10887532,保力溪
http://www.wikidata.org/entity/Q10864811,七里溪
http://www.wikidata.org/entity/Q10875824,中港溪
http://www.wikidata.org/entity/Q10902896,北峰溪
http://www.wikidata.org/entity/Q10929740,城埔溪
http://www.wikidata.org/entity/Q10935439,大德溪
http://www.wikidata.org/entity/Q10936565,大溪川
http://www.wikidata.org/entity/Q10938056,大豹溪
http://www.wikidata.org/entity/Q10938249,大里溪
http://www.wikidata.org/entity/Q11038144,尖山腳溪
http://www.wikidata.org/entity/Q11081953,新城溪
http://www.wikidata.org/entity/Q11082350,新屋溪
http://www.wikidata.org/entity/Q11083246,新港溪
http://www.wikidata.org/entity/Q11084280,新虎尾溪
http://www.wikidata.org/entity/Q11087132,旱溪
http://www.wikidata.org/entity/Q10865740,三姓溪
http://www.wikidata.org/entity/Q10882095,五股坑溪
http://www.wikidata.org/entity/Q16929072,深澳坑溪
http://www.wikidata.org/entity/Q16929328,裡冷溪
http://www.wikidata.org/entity/Q16929180,竿蓁林溪
http://www.wikidata.org/entity/Q16929276,興仁溪
http://www.wikidata.org/entity/Q16929280,芊蓁林溪
http://www.wikidata.org/entity/Q16929357,貴子坑溪
http://www.wikidata.org/entity/Q16929506,鶯歌溪
http://www.wikidata.org/entity/Q17023838,宇內溪
http://www.wikidata.org/entity/Q17025425,新街溪
http://www.wikidata.org/entity/Q17040733,真柄溪
http://www.wikidata.org/entity/Q17040899,知本溪
http://www.wikidata.org/entity/Q17194226,茄苳溪
http://www.wikidata.org/entity/Q16926819,菁礜溪
http://www.wikidata.org/entity/Q16929083,溫寮溪
http://www.wikidata.org/entity/Q16929392,金瓜寮溪
http://www.wikidata.org/entity/Q17023487,啞口坑溪
http://www.wikidata.org/entity/Q17026280,郡大溪
http://www.wikidata.org/entity/Q17029967,長濱溪
http://www.wikidata.org/entity/Q17030150,苑裡溪
http://www.wikidata.org/entity/Q17036000,薯寮溪
http://www.wikidata.org/entity/Q17038652,里仁溪
http://www.wikidata.org/entity/Q17038898,石盤溪
http://www.wikidata.org/entity/Q17039258,白鮑溪
http://www.wikidata.org/entity/Q17032770,馬霍拉斯溪
http://www.wikidata.org/entity/Q16926942,指南溪
http://www.wikidata.org/entity/Q16928941,後洲溪
http://www.wikidata.org/entity/Q16929447,青潭溪
http://www.wikidata.org/entity/Q16929515,𫙮魚坑溪
http://www.wikidata.org/entity/Q17025918,美崙溪
http://www.wikidata.org/entity/Q17030365,港子溪
http://www.wikidata.org/entity/Q17030423,苦仔坑溪
http://www.wikidata.org/entity/Q17038326,都威溪
http://www.wikidata.org/entity/Q17039840,金崙溪
http://www.wikidata.org/entity/Q16929123,瑪鋉溪
http://www.wikidata.org/entity/Q16929454,食水嵙溪
http://www.wikidata.org/entity/Q17012855,三民溪
http://www.wikidata.org/entity/Q17030337,港口溪
http://www.wikidata.org/entity/Q17031303,竹湖溪
http://www.wikidata.org/entity/Q16929341,觀音坑溪
http://www.wikidata.org/entity/Q17023655,大武崙溪
http://www.wikidata.org/entity/Q17026985,都蘭溪
http://www.wikidata.org/entity/Q17028454,水碓窠溪
http://www.wikidata.org/entity/Q17036506,鹿港溪
http://www.wikidata.org/entity/Q17036682,牡丹溪
http://www.wikidata.org/entity/Q17059768,達仁溪
http://www.wikidata.org/entity/Q17059796,豐濱溪
http://www.wikidata.org/entity/Q17164613,安農溪
http://www.wikidata.org/entity/Q17033984,羊寮溪
http://www.wikidata.org/entity/Q16929154,磺溪
http://www.wikidata.org/entity/Q16929153,石門溪
http://www.wikidata.org/entity/Q16929164,禮門溪
http://www.wikidata.org/entity/Q16929285,茄苳溪
http://www.wikidata.org/entity/Q16929288,草濫溪
http://www.wikidata.org/entity/Q17059229,通霄溪
http://www.wikidata.org/entity/Q17059788,薩克亞金溪
http://www.wikidata.org/entity/Q17025296,打鐵坑溪
http://www.wikidata.org/entity/Q17028031,霧社溪
http://www.wikidata.org/entity/Q16929211,老梅溪
http://www.wikidata.org/entity/Q17028268,良里溪
http://www.wikidata.org/entity/Q17030442,頂寮溪
http://www.wikidata.org/entity/Q17039533,烏萬溪
http://www.wikidata.org/entity/Q17040634,率芒溪
http://www.wikidata.org/entity/Q17059245,觀音溪
http://www.wikidata.org/entity/Q16929162,福安坑溪
http://www.wikidata.org/entity/Q16929190,紅水仙溪
http://www.wikidata.org/entity/Q16929381,鄉長溪
http://www.wikidata.org/entity/Q17023927,富家溪
http://www.wikidata.org/entity/Q17030369,韮菜坑溪
http://www.wikidata.org/entity/Q17032292,紅葉溪
http://www.wikidata.org/entity/Q17041113,石公溪
http://www.wikidata.org/entity/Q15907857,大武郡溪
http://www.wikidata.org/entity/Q15913942,老街溪
http://www.wikidata.org/entity/Q9404998,內厝溪
http://www.wikidata.org/entity/Q15915070,柴頭港溪
http://www.wikidata.org/entity/Q15945013,眉溪
http://www.wikidata.org/entity/Q3742440,豐坪溪
http://www.wikidata.org/entity/Q10443358,磺港溪
http://www.wikidata.org/entity/Q11121785,樹梅坑溪
http://www.wikidata.org/entity/Q18111310,四分溪
http://www.wikidata.org/entity/Q5434432,番仔寮溪
http://www.wikidata.org/entity/Q6374222,卡社溪
http://www.wikidata.org/entity/Q697957,愛河
http://www.wikidata.org/entity/Q7419001,三峽河
http://www.wikidata.org/entity/Q7502643,壽豐溪
http://www.wikidata.org/entity/Q2052526,濁口溪
http://www.wikidata.org/entity/Q9383929,下寮溪
http://www.wikidata.org/entity/Q15914374,磺溪
http://www.wikidata.org/entity/Q10491035,能高清水溪
http://www.wikidata.org/entity/Q11105934,林子溪
http://www.wikidata.org/entity/Q11119633,楓林溪
http://www.wikidata.org/entity/Q11152313,庄子內溪
http://www.wikidata.org/entity/Q11182039,𤩲瑪蘭坑溪
http://www.wikidata.org/entity/Q5101032,景美溪
http://www.wikidata.org/entity/Q19854136,龍泉溪
http://www.wikidata.org/entity/Q7967982,萬里溪
http://www.wikidata.org/entity/Q9389514,佳平溪
http://www.wikidata.org/entity/Q9405733,內溝溪
http://www.wikidata.org/entity/Q15920985,美濃溪
http://www.wikidata.org/entity/Q15927554,老田寮溪
http://www.wikidata.org/entity/Q10382626,洲子尾溝
http://www.wikidata.org/entity/Q10566543,馬里闊丸溪
http://www.wikidata.org/entity/Q11140544,沙灣溪
http://www.wikidata.org/entity/Q11176974,黃高溪
http://www.wikidata.org/entity/Q5271371,典寶溪
http://www.wikidata.org/entity/Q20064015,萬年溪
http://www.wikidata.org/entity/Q9695332,土庫溪
http://www.wikidata.org/entity/Q15938499,頭汴坑溪
http://www.wikidata.org/entity/Q11150915,海水川溪
http://www.wikidata.org/entity/Q15903761,綠川
http://www.wikidata.org/entity/Q57256,高屏溪
http://www.wikidata.org/entity/Q57377,旗山溪
http://www.wikidata.org/entity/Q697324,曾文溪
http://www.wikidata.org/entity/Q699075,八掌溪
http://www.wikidata.org/entity/Q5208125,烏溪
http://www.wikidata.org/entity/Q5295896,東港溪
http://www.wikidata.org/entity/Q475758,北港溪
http://www.wikidata.org/entity/Q6963739,南崁溪
http://www.wikidata.org/entity/Q699250,宜蘭河
http://www.wikidata.org/entity/Q708374,濁水溪
http://www.wikidata.org/entity/Q708461,蘭陽溪
http://www.wikidata.org/entity/Q708591,秀姑巒溪
http://www.wikidata.org/entity/Q9406204,內雙溝溪
http://www.wikidata.org/entity/Q9406262,內雙溪
http://www.wikidata.org/entity/Q9410506,八勢溪
http://www.wikidata.org/entity/Q10296269,後堀溪
http://www.wikidata.org/entity/Q10361458,楓樹腳溪
http://www.wikidata.org/entity/Q10461903,米粉寮溪
http://www.wikidata.org/entity/Q10566711,高厝溪
http://www.wikidata.org/entity/Q3959849,水里溪
http://www.wikidata.org/entity/Q11174926,鹽港溪
http://www.wikidata.org/entity/Q11175140,鹿野溪
http://www.wikidata.org/entity/Q4693348,阿公店溪
http://www.wikidata.org/entity/Q4848687,白水溪
http://www.wikidata.org/entity/Q199378,新店溪
http://www.wikidata.org/entity/Q5120915,清水溪 (宜蘭縣)
http://www.wikidata.org/entity/Q5465035,鳳山溪
http://www.wikidata.org/entity/Q5614745,龜重溪
http://www.wikidata.org/entity/Q6487931,荖濃溪
http://www.wikidata.org/entity/Q707891,花蓮溪
http://www.wikidata.org/entity/Q708976,基隆河
http://www.wikidata.org/entity/Q8039221,武洛溪
http://www.wikidata.org/entity/Q15903785,瓦磘溝
http://www.wikidata.org/entity/Q15915429,龙头溪
http://www.wikidata.org/entity/Q15921248,西湖溪
http://www.wikidata.org/entity/Q15929455,虎尾溪
http://www.wikidata.org/entity/Q15941894,社子溪
http://www.wikidata.org/entity/Q15952725,油羅溪
http://www.wikidata.org/entity/Q9384833,二八張溝
http://www.wikidata.org/entity/Q9779959,塭子川
http://www.wikidata.org/entity/Q10401071,烏山頭溝
http://www.wikidata.org/entity/Q10443400,磺窟溪
http://www.wikidata.org/entity/Q11173760,鳳山溪
http://www.wikidata.org/entity/Q11119982,楠梓坑溪
http://www.wikidata.org/entity/Q11146444,津林溪
http://www.wikidata.org/entity/Q11175608,麻園頭溪
http://www.wikidata.org/entity/Q11180116,鼻頭溪
http://www.wikidata.org/entity/Q15915338,西溪
http://www.wikidata.org/entity/Q11109617,柳川
http://www.wikidata.org/entity/Q199374,大漢溪
http://www.wikidata.org/entity/Q6550302,林邊溪
http://www.wikidata.org/entity/Q6932233,木瓜溪
http://www.wikidata.org/entity/Q7967136,萬大溪
http://www.wikidata.org/entity/Q8007827,頭前溪
http://www.wikidata.org/entity/Q15901446,阿玉溪
http://www.wikidata.org/entity/Q15924958,馬武窟溪
http://www.wikidata.org/entity/Q15932642,草湖溪
http://www.wikidata.org/entity/Q15938168,港南濱海風景區
http://www.wikidata.org/entity/Q15940875,蘇澳溪
http://www.wikidata.org/entity/Q15946150,阿眉溪
http://www.wikidata.org/entity/Q15949604,汶水溪
http://www.wikidata.org/entity/Q9392660,保長坑溪
http://www.wikidata.org/entity/Q9476041,加走寮溪
http://www.wikidata.org/entity/Q9901591,大庄溪
http://www.wikidata.org/entity/Q3845177,貓羅溪
http://www.wikidata.org/entity/Q10567382,龍形溪
http://www.wikidata.org/entity/Q2420747,淡水河
http://www.wikidata.org/entity/Q11113632,桶後溪
http://www.wikidata.org/entity/Q11119649,楓港溪
http://www.wikidata.org/entity/Q11130033,水母溪
http://www.wikidata.org/entity/Q11182046,𩻸魚堀溪
http://www.wikidata.org/entity/Q6113198,德慶溪
http://www.wikidata.org/entity/Q278671,大安溪
http://www.wikidata.org/entity/Q699065,冬山河
http://www.wikidata.org/entity/Q8007924,鹽水溪
http://www.wikidata.org/entity/Q15907177,陳有蘭溪
http://www.wikidata.org/entity/Q15913918,舊旱溪
http://www.wikidata.org/entity/Q15915309,小西溪
http://www.wikidata.org/entity/Q15925317,清水溪 (南投縣)
http://www.wikidata.org/entity/Q10395799,湳仔溝
http://www.wikidata.org/entity/Q10440760,石角溪 (臺北市)
http://www.wikidata.org/entity/Q10498196,艋舺溪
http://www.wikidata.org/entity/Q10567072,鹽寮溪
http://www.wikidata.org/entity/Q11130686,水連溪
http://www.wikidata.org/entity/Q11174994,鹿寮溪 (臺東縣)
http://www.wikidata.org/entity/Q4697063,隘寮溪
http://www.wikidata.org/entity/Q11598263,立霧溪
http://www.wikidata.org/entity/Q3637532,北勢溪
http://www.wikidata.org/entity/Q7504436,雙溪
http://www.wikidata.org/entity/Q7675688,大湖口溪
http://www.wikidata.org/entity/Q8007897,急水溪
http://www.wikidata.org/entity/Q15902373,筏子溪
http://www.wikidata.org/entity/Q15926827,竹溪 (臺南市)
http://www.wikidata.org/entity/Q9384095,中原溝
http://www.wikidata.org/entity/Q9517717,南勢角溪
http://www.wikidata.org/entity/Q3830053,樂樂溪
http://www.wikidata.org/entity/Q11122285,橫溪
http://www.wikidata.org/entity/Q667308,南勢溪
http://www.wikidata.org/entity/Q699259,卑南溪
http://www.wikidata.org/entity/Q700777,二仁溪
http://www.wikidata.org/entity/Q714246,大甲溪
http://www.wikidata.org/entity/Q7416346,三疊溪
http://www.wikidata.org/entity/Q21041593,埔心溪
http://www.wikidata.org/entity/Q32169995,Q32169995
http://www.wikidata.org/entity/Q32230804,Q32230804
http://www.wikidata.org/entity/Q32286255,Q32286255
http://www.wikidata.org/entity/Q32433839,Q32433839
http://www.wikidata.org/entity/Q32475105,Q32475105
http://www.wikidata.org/entity/Q32475274,Q32475274
http://www.wikidata.org/entity/Q32475444,Q32475444
http://www.wikidata.org/entity/Q32475475,Q32475475
http://www.wikidata.org/entity/Q32475494,Q32475494
http://www.wikidata.org/entity/Q32585748,Q32585748
http://www.wikidata.org/entity/Q32471485,八掌溪
http://www.wikidata.org/entity/Q32475111,北溪
http://www.wikidata.org/entity/Q24837641,福德坑溪
http://www.wikidata.org/entity/Q32172819,隘寮南溪
http://www.wikidata.org/entity/Q32208910,阿里山溪
http://www.wikidata.org/entity/Q32230338,鞍馬溪
http://www.wikidata.org/entity/Q32301269,八邊溪
http://www.wikidata.org/entity/Q32307128,八卦力溪
http://www.wikidata.org/entity/Q32307135,八卦力溪
http://www.wikidata.org/entity/Q32429784,八甲溪
http://www.wikidata.org/entity/Q32446992,保養溪
http://www.wikidata.org/entity/Q32475258,北坑
http://www.wikidata.org/entity/Q32475263,北坑
http://www.wikidata.org/entity/Q32475489,北勢坑
http://www.wikidata.org/entity/Q32579889,財主溪
http://www.wikidata.org/entity/Q21041594,塔羅灣溪
http://www.wikidata.org/entity/Q21041642,清水溪
http://www.wikidata.org/entity/Q21041643,清水溪
http://www.wikidata.org/entity/Q32475192,北港溪
http://www.wikidata.org/entity/Q32475201,北港溪
http://www.wikidata.org/entity/Q32475205,北港溪
http://www.wikidata.org/entity/Q32168745,阿公店溪
http://www.wikidata.org/entity/Q32222650,阿眉溪
http://www.wikidata.org/entity/Q32222661,阿眉溪
http://www.wikidata.org/entity/Q32298262,阿玉溪
http://www.wikidata.org/entity/Q32561252,埔心溪
http://www.wikidata.org/entity/Q32230316,安來溪
http://www.wikidata.org/entity/Q32300855,巴巴那斑溪
http://www.wikidata.org/entity/Q32429683,百字坑溪
http://www.wikidata.org/entity/Q32442517,邦腹溪
http://www.wikidata.org/entity/Q32493990,碧綠溪
http://www.wikidata.org/entity/Q32502254,博博猶溪
http://www.wikidata.org/entity/Q32561631,布由巒溪
http://www.wikidata.org/entity/Q21041641,清水溝溪
http://www.wikidata.org/entity/Q24840814,牛角灣溪
http://www.wikidata.org/entity/Q32172801,隘寮北溪
http://www.wikidata.org/entity/Q32208856,阿里磅溪
http://www.wikidata.org/entity/Q32222672,阿美仔坑
http://www.wikidata.org/entity/Q32446698,寳斗溪
http://www.wikidata.org/entity/Q32470735,巴油溪
http://www.wikidata.org/entity/Q32475318,北寮坑溪
http://www.wikidata.org/entity/Q32475465,北勢溪
http://www.wikidata.org/entity/Q32475470,北勢溪
http://www.wikidata.org/entity/Q32475480,北勢溪
http://www.wikidata.org/entity/Q32480166,崩坪坑
http://www.wikidata.org/entity/Q32492395,碧湖溪
http://www.wikidata.org/entity/Q32560652,埔頭溪
http://www.wikidata.org/entity/Q32579677,菜公坑溪
http://www.wikidata.org/entity/Q21041653,砂卡礑溪
http://www.wikidata.org/entity/Q21127227,力力溪
http://www.wikidata.org/entity/Q20688722,流麻溝
http://www.wikidata.org/entity/Q32475439,北山坑
http://www.wikidata.org/entity/Q32446754,寶來溪
http://www.wikidata.org/entity/Q32172836,隘寮溪
http://www.wikidata.org/entity/Q32172853,隘寮溪
http://www.wikidata.org/entity/Q32172870,隘寮溪
http://www.wikidata.org/entity/Q32205018,阿塱衛溪
http://www.wikidata.org/entity/Q32231947,澳花溪
http://www.wikidata.org/entity/Q32429459,白石溪
http://www.wikidata.org/entity/Q32429498,白樹腳溪
http://www.wikidata.org/entity/Q32433384,巴朗溪
http://www.wikidata.org/entity/Q32446398,班芝埔溪
http://www.wikidata.org/entity/Q32463060,巴賽溪
http://www.wikidata.org/entity/Q32475268,北坑溝
http://www.wikidata.org/entity/Q32475408,北麒麟溪
http://www.wikidata.org/entity/Q32475505,北勢寮溪
http://www.wikidata.org/entity/Q32489700,比阿庫透康溪
http://www.wikidata.org/entity/Q32561245,布蕭丸溪
http://www.wikidata.org/entity/Q32497754,筆石
http://www.wikidata.org/entity/Q32230555,安農溪
http://www.wikidata.org/entity/Q32172165,隘丁寮溪
http://www.wikidata.org/entity/Q32231538,安夜西溪
http://www.wikidata.org/entity/Q32309718,白不仔溪
http://www.wikidata.org/entity/Q32429428,白沙彌溪
http://www.wikidata.org/entity/Q32432347,芭拉溪
http://www.wikidata.org/entity/Q32432355,巴拉歐溪
http://www.wikidata.org/entity/Q32445675,半屏溪
http://www.wikidata.org/entity/Q32445683,半屏溪
http://www.wikidata.org/entity/Q32446691,寶典溪
http://www.wikidata.org/entity/Q32469377,拔西猴溪
http://www.wikidata.org/entity/Q32475449,北勢溪
http://www.wikidata.org/entity/Q32475460,北勢溪
http://www.wikidata.org/entity/Q32475499,北勢坑溪
http://www.wikidata.org/entity/Q32475520,北太麻里溪
http://www.wikidata.org/entity/Q32479642,本部溪
http://www.wikidata.org/entity/Q32491047,鱉溪
http://www.wikidata.org/entity/Q32493985,比魯溪
http://www.wikidata.org/entity/Q32547464,布拉布拉溪
http://www.wikidata.org/entity/Q21041621,東螺溪
http://www.wikidata.org/entity/Q21041637,洋仔厝溪
http://www.wikidata.org/entity/Q32171697,阿花來溪
http://www.wikidata.org/entity/Q32192133,矮山坑
http://www.wikidata.org/entity/Q32207046,阿冷坑溪
http://www.wikidata.org/entity/Q32227346,安達溪
http://www.wikidata.org/entity/Q32230747,安坡溪
http://www.wikidata.org/entity/Q32231158,安通溪
http://www.wikidata.org/entity/Q32230232,暗坑
http://www.wikidata.org/entity/Q32475284,北坑溪
http://www.wikidata.org/entity/Q32490809,碧旦溪
http://www.wikidata.org/entity/Q32511156,波浪溪
http://www.wikidata.org/entity/Q32541096,布布爾溪
http://www.wikidata.org/entity/Q32548164,不老溪
http://www.wikidata.org/entity/Q32579735,菜寮溪
http://www.wikidata.org/entity/Q32584617,蒼庫溪
http://www.wikidata.org/entity/Q21041670,舊虎尾溪
http://www.wikidata.org/entity/Q32475390,卑南大溪
http://www.wikidata.org/entity/Q32434633,八連溪
http://www.wikidata.org/entity/Q32208306,阿里不動溪
http://www.wikidata.org/entity/Q32230741,安平坑溪
http://www.wikidata.org/entity/Q32428764,白嶺溪
http://www.wikidata.org/entity/Q32435163,八里灣溪
http://www.wikidata.org/entity/Q32446640,包安溪
http://www.wikidata.org/entity/Q32446762,保力溪
http://www.wikidata.org/entity/Q32463482,吧沙加魯溪
http://www.wikidata.org/entity/Q32475279,北坑溪
http://www.wikidata.org/entity/Q32475403,北片坑
http://www.wikidata.org/entity/Q32475455,北势溪
http://www.wikidata.org/entity/Q32475510,北勢窩溪
http://www.wikidata.org/entity/Q32493555,比林溪
http://www.wikidata.org/entity/Q32493559,比林溪
http://www.wikidata.org/entity/Q32428891,白米溪
http://www.wikidata.org/entity/Q32434603,八里溪
http://www.wikidata.org/entity/Q32445131,半嶺溪
http://www.wikidata.org/entity/Q32446770,寶里苦溪
http://www.wikidata.org/entity/Q32471560,拔子溪
http://www.wikidata.org/entity/Q32475173,北底溪
http://www.wikidata.org/entity/Q32475227,北溝溪
http://www.wikidata.org/entity/Q32480171,崩山溪
http://www.wikidata.org/entity/Q32547875,補拉米溪
http://www.wikidata.org/entity/Q32552854,埔羌溪
http://www.wikidata.org/entity/Q32560164,布唐布那斯溪
http://www.wikidata.org/entity/Q32560173,布唐布瓦那斯東溪
http://www.wikidata.org/entity/Q32579709,彩虹溪
http://www.wikidata.org/entity/Q32718562,大路關寮溪
http://www.wikidata.org/entity/Q32718588,大羅蘭溪
http://www.wikidata.org/entity/Q32719252,達美漢溪
http://www.wikidata.org/entity/Q32719604,大目幹溪
http://www.wikidata.org/entity/Q32720091,丹大溪
http://www.wikidata.org/entity/Q32720748,大鳥溪
http://www.wikidata.org/entity/Q32721445,大坪溪
http://www.wikidata.org/entity/Q32723583,打鐵坑溪
http://www.wikidata.org/entity/Q32724574,大竹溪
http://www.wikidata.org/entity/Q32585805,草蘭溪
http://www.wikidata.org/entity/Q32585837,草人坑
http://www.wikidata.org/entity/Q32623342,柴頭溪
http://www.wikidata.org/entity/Q32636729,陳厝溪
http://www.wikidata.org/entity/Q32714237,大埔溪
http://www.wikidata.org/entity/Q32714684,大東河
http://www.wikidata.org/entity/Q32715982,大湖底溪
http://www.wikidata.org/entity/Q32716494,大礁溪
http://www.wikidata.org/entity/Q32724369,大雪溪
http://www.wikidata.org/entity/Q32648590,重安溪
http://www.wikidata.org/entity/Q32713944,大北勢溪
http://www.wikidata.org/entity/Q32714247,大不岸溪
http://www.wikidata.org/entity/Q32714829,大豐溪
http://www.wikidata.org/entity/Q32718255,大流溪
http://www.wikidata.org/entity/Q32719897,大湳河
http://www.wikidata.org/entity/Q32720901,大牛林坑
http://www.wikidata.org/entity/Q32724279,大窩坑
http://www.wikidata.org/entity/Q32585797,Q32585797
http://www.wikidata.org/entity/Q32630024,Q32630024
http://www.wikidata.org/entity/Q32647580,Q32647580
http://www.wikidata.org/entity/Q32710004,Q32710004
http://www.wikidata.org/entity/Q32710009,Q32710009
http://www.wikidata.org/entity/Q32714242,Q32714242
http://www.wikidata.org/entity/Q32714736,Q32714736
http://www.wikidata.org/entity/Q32716645,Q32716645
http://www.wikidata.org/entity/Q32716662,Q32716662
http://www.wikidata.org/entity/Q32716677,Q32716677
http://www.wikidata.org/entity/Q32716681,Q32716681
http://www.wikidata.org/entity/Q32716931,Q32716931
http://www.wikidata.org/entity/Q32718103,Q32718103
http://www.wikidata.org/entity/Q32719802,Q32719802
http://www.wikidata.org/entity/Q32721020,Q32721020
http://www.wikidata.org/entity/Q32721442,Q32721442
http://www.wikidata.org/entity/Q32721487,Q32721487
http://www.wikidata.org/entity/Q32724363,Q32724363
http://www.wikidata.org/entity/Q32724559,Q32724559
http://www.wikidata.org/entity/Q32714742,大肚溪
http://www.wikidata.org/entity/Q32715961,大湖溪
http://www.wikidata.org/entity/Q32715956,大湖溪
http://www.wikidata.org/entity/Q32623071,茶壺溪
http://www.wikidata.org/entity/Q32648611,重嶺溪
http://www.wikidata.org/entity/Q32649567,抽藤坑溪
http://www.wikidata.org/entity/Q32710014,粗坑
http://www.wikidata.org/entity/Q32713392,大溪
http://www.wikidata.org/entity/Q32714277,大埔美溪
http://www.wikidata.org/entity/Q32716650,大坑溝
http://www.wikidata.org/entity/Q32716656,大坑溪
http://www.wikidata.org/entity/Q32716667,大坑溪
http://www.wikidata.org/entity/Q32716672,大坑溪
http://www.wikidata.org/entity/Q32716686,大坑溪
http://www.wikidata.org/entity/Q32716691,大坑溪
http://www.wikidata.org/entity/Q32716696,大坑缺溪
http://www.wikidata.org/entity/Q32716939,大檜溪
http://www.wikidata.org/entity/Q32723702,大屯溪
http://www.wikidata.org/entity/Q32724583,大竹坑溪
http://www.wikidata.org/entity/Q32728224,得勝溝
http://www.wikidata.org/entity/Q32731533,電子坑
http://www.wikidata.org/entity/Q32731451,典寶溪
http://www.wikidata.org/entity/Q32724320,大武溪
http://www.wikidata.org/entity/Q32629395,長濱溪
http://www.wikidata.org/entity/Q32622344,茶茶牙頓溪
http://www.wikidata.org/entity/Q32643511,赤蘭溪
http://www.wikidata.org/entity/Q32643813,赤鹿坑溪
http://www.wikidata.org/entity/Q32650570,初見溪
http://www.wikidata.org/entity/Q32651388,椿谷溪
http://www.wikidata.org/entity/Q32690057,慈恩溪
http://www.wikidata.org/entity/Q32690267,次考干溪
http://www.wikidata.org/entity/Q32710019,粗坑溪
http://www.wikidata.org/entity/Q32710025,粗坑溪
http://www.wikidata.org/entity/Q32710031,粗坑溪
http://www.wikidata.org/entity/Q32713939,大北溪
http://www.wikidata.org/entity/Q32714019,打比厝溪
http://www.wikidata.org/entity/Q32715331,打狗溪
http://www.wikidata.org/entity/Q32717656,大荖藤溪
http://www.wikidata.org/entity/Q32718567,大轆轆溪
http://www.wikidata.org/entity/Q32723286,大石盤溪
http://www.wikidata.org/entity/Q32723587,打鐡坑溪
http://www.wikidata.org/entity/Q32727037,燈潭河
http://www.wikidata.org/entity/Q32731552,吊倫溪
http://www.wikidata.org/entity/Q32716426,逮魚堀溪
http://www.wikidata.org/entity/Q32636945,陳有蘭溪
http://www.wikidata.org/entity/Q32585761,草溪
http://www.wikidata.org/entity/Q32629574,長枝坑溪
http://www.wikidata.org/entity/Q32636701,陳寶坑溪
http://www.wikidata.org/entity/Q32714029,大濱溪
http://www.wikidata.org/entity/Q32714697,大東坑溪
http://www.wikidata.org/entity/Q32714871,大富溪
http://www.wikidata.org/entity/Q32715938,大後溪
http://www.wikidata.org/entity/Q32718175,大林溪
http://www.wikidata.org/entity/Q32718582,大崙溪
http://www.wikidata.org/entity/Q32718593,打落馬溪
http://www.wikidata.org/entity/Q32721308,倒孔山溪
http://www.wikidata.org/entity/Q32721328,倒踏坑
http://www.wikidata.org/entity/Q32724346,大溪川
http://www.wikidata.org/entity/Q32724373,大雪溪
http://www.wikidata.org/entity/Q32725625,德龜溪
http://www.wikidata.org/entity/Q32630013,朝庸溪
http://www.wikidata.org/entity/Q32729036,得子口溪
http://www.wikidata.org/entity/Q32713732,大邦坑
http://www.wikidata.org/entity/Q32719246,大梅溪
http://www.wikidata.org/entity/Q32720080,丹大東溪
http://www.wikidata.org/entity/Q32720096,丹大西溪
http://www.wikidata.org/entity/Q32723276,大石溪
http://www.wikidata.org/entity/Q32724466,達茵河對溪
http://www.wikidata.org/entity/Q32727064,登仙溪
http://www.wikidata.org/entity/Q32721900,達仁溪
http://www.wikidata.org/entity/Q32585819,草嶺溪
http://www.wikidata.org/entity/Q32585846,草山溪
http://www.wikidata.org/entity/Q32585855,草山溪
http://www.wikidata.org/entity/Q32652055,出水溪
http://www.wikidata.org/entity/Q32715823,大和溪
http://www.wikidata.org/entity/Q32721449,大平坑
http://www.wikidata.org/entity/Q32723267,大社溪
http://www.wikidata.org/entity/Q32585777,草厝溪
http://www.wikidata.org/entity/Q32636836,城子埔溪
http://www.wikidata.org/entity/Q32647590,池有溪
http://www.wikidata.org/entity/Q32716033,大湖桶坑溪
http://www.wikidata.org/entity/Q32751844,番子坑
http://www.wikidata.org/entity/Q32752109,鳳林溪
http://www.wikidata.org/entity/Q32752864,富興溪
http://www.wikidata.org/entity/Q32752862,富興溪
http://www.wikidata.org/entity/Q32752867,富源溪
http://www.wikidata.org/entity/Q32755489,高寮溪
http://www.wikidata.org/entity/Q34828163,萬安溪
http://www.wikidata.org/entity/Q34830293,灣潭溪
http://www.wikidata.org/entity/Q34901916,塔達芬溪
http://www.wikidata.org/entity/Q32740515,東埔溪
http://www.wikidata.org/entity/Q32740622,東巒大山西游
http://www.wikidata.org/entity/Q32740629,東卯溪
http://www.wikidata.org/entity/Q32740749,東勢溪
http://www.wikidata.org/entity/Q32740753,東勢溪
http://www.wikidata.org/entity/Q32751013,二本松溪
http://www.wikidata.org/entity/Q32751805,法落安溪
http://www.wikidata.org/entity/Q32752773,芙登溪
http://www.wikidata.org/entity/Q32754693,港仔溪
http://www.wikidata.org/entity/Q32765996,梗枋溪
http://www.wikidata.org/entity/Q34828152,萬安溪
http://www.wikidata.org/entity/Q34830185,灣丘溪
http://www.wikidata.org/entity/Q34856193,蘇耶里溪
http://www.wikidata.org/entity/Q34856366,温泉溪
http://www.wikidata.org/entity/Q32734425,丁子蘭溪
http://www.wikidata.org/entity/Q32751835,番欄坑
http://www.wikidata.org/entity/Q32751998,發祥溪
http://www.wikidata.org/entity/Q32752096,楓溪
http://www.wikidata.org/entity/Q32755407,柑仔山溪
http://www.wikidata.org/entity/Q34830566,萬丈坑溪
http://www.wikidata.org/entity/Q34846658,瓦磘溪
http://www.wikidata.org/entity/Q34852426,尾寮溪
http://www.wikidata.org/entity/Q34852475,尾敏溪
http://www.wikidata.org/entity/Q34856491,文秀坑
http://www.wikidata.org/entity/Q32740506,東汴坑溪
http://www.wikidata.org/entity/Q32740836,東莊溪
http://www.wikidata.org/entity/Q32742556,斗羅溪
http://www.wikidata.org/entity/Q32744899,段巷溪
http://www.wikidata.org/entity/Q32750735,額落烏溪
http://www.wikidata.org/entity/Q32750992,二溪
http://www.wikidata.org/entity/Q32752762,夫布爾溪
http://www.wikidata.org/entity/Q32754699,港子墘溪
http://www.wikidata.org/entity/Q32755033,柑脚溪
http://www.wikidata.org/entity/Q34827271,瓦魯斯溪
http://www.wikidata.org/entity/Q34849299,索那拉溪
http://www.wikidata.org/entity/Q32740764,暖暖溪
http://www.wikidata.org/entity/Q32734335,Q32734335
http://www.wikidata.org/entity/Q32747508,Q32747508
http://www.wikidata.org/entity/Q32747625,Q32747625
http://www.wikidata.org/entity/Q32751016,Q32751016
http://www.wikidata.org/entity/Q32751830,Q32751830
http://www.wikidata.org/entity/Q32751837,Q32751837
http://www.wikidata.org/entity/Q32751845,Q32751845
http://www.wikidata.org/entity/Q32752763,Q32752763
http://www.wikidata.org/entity/Q32754520,Q32754520
http://www.wikidata.org/entity/Q32754688,Q32754688
http://www.wikidata.org/entity/Q32740545,東港溪
http://www.wikidata.org/entity/Q32740633,東門溪
http://www.wikidata.org/entity/Q34829224,Q34829224
http://www.wikidata.org/entity/Q34829507,Q34829507
http://www.wikidata.org/entity/Q34856044,Q34856044
http://www.wikidata.org/entity/Q34856340,Q34856340
http://www.wikidata.org/entity/Q32740448,東澳北溪
http://www.wikidata.org/entity/Q32740455,東澳南溪
http://www.wikidata.org/entity/Q32740602,東壘溪
http://www.wikidata.org/entity/Q32742509,斗里斗里溪
http://www.wikidata.org/entity/Q32750582,惡浪坑溪
http://www.wikidata.org/entity/Q32751105,二寮溪
http://www.wikidata.org/entity/Q32751826,枋脚溪
http://www.wikidata.org/entity/Q32751831,枋仔寮溪
http://www.wikidata.org/entity/Q32751838,番社坑溪
http://www.wikidata.org/entity/Q32752098,楓港溪
http://www.wikidata.org/entity/Q32752100,楓港溪
http://www.wikidata.org/entity/Q32752110,風美溪
http://www.wikidata.org/entity/Q32752119,楓樹湖南溪
http://www.wikidata.org/entity/Q32752869,浮洲溪
http://www.wikidata.org/entity/Q32753834,乾溪
http://www.wikidata.org/entity/Q32753835,乾溪
http://www.wikidata.org/entity/Q32753830,乾溪
http://www.wikidata.org/entity/Q32753833,乾溪
http://www.wikidata.org/entity/Q32753836,乾溪
http://www.wikidata.org/entity/Q32753837,乾溪
http://www.wikidata.org/entity/Q32755582,高山溪
http://www.wikidata.org/entity/Q34828356,萬朝溪
http://www.wikidata.org/entity/Q34828380,萬大溪
http://www.wikidata.org/entity/Q34830059,萬里磺溪
http://www.wikidata.org/entity/Q32740760,東勢坑溪
http://www.wikidata.org/entity/Q32752818,富林溪
http://www.wikidata.org/entity/Q32752772,福德坑溪
http://www.wikidata.org/entity/Q32740541,東峰溪
http://www.wikidata.org/entity/Q32740564,東光溪
http://www.wikidata.org/entity/Q32740725,東清溪
http://www.wikidata.org/entity/Q32740769,東水坑
http://www.wikidata.org/entity/Q32740809,東武荖坑溪
http://www.wikidata.org/entity/Q32740819,東眼溪
http://www.wikidata.org/entity/Q32740823,東眼溪
http://www.wikidata.org/entity/Q32749068,讀吾溪
http://www.wikidata.org/entity/Q32751058,二號溪
http://www.wikidata.org/entity/Q32751081,二甲溪
http://www.wikidata.org/entity/Q32751107,二林溪
http://www.wikidata.org/entity/Q32751840,蕃薯寮溪
http://www.wikidata.org/entity/Q32752097,豐濱溪
http://www.wikidata.org/entity/Q32752107,鳳梨坑
http://www.wikidata.org/entity/Q32755538,高屏溪
http://www.wikidata.org/entity/Q32755591,高水坑
http://www.wikidata.org/entity/Q34856417,汶水溪
http://www.wikidata.org/entity/Q34830046,萬里溪
http://www.wikidata.org/entity/Q34852300,唯金溪
http://www.wikidata.org/entity/Q34856405,汶水河
http://www.wikidata.org/entity/Q32750771,峨眉溪
http://www.wikidata.org/entity/Q32751827,房裡溪
http://www.wikidata.org/entity/Q32749066,都威溪
http://www.wikidata.org/entity/Q32751015,二重溪
http://www.wikidata.org/entity/Q32734299,頂粗坑溪
http://www.wikidata.org/entity/Q32734429,丁子漏溪
http://www.wikidata.org/entity/Q32740519,東埔蚋溪
http://www.wikidata.org/entity/Q32740722,東清北溪
http://www.wikidata.org/entity/Q32740742,東勢川
http://www.wikidata.org/entity/Q32746476,都歷溪
http://www.wikidata.org/entity/Q32751818,番波夾坑
http://www.wikidata.org/entity/Q32751828,枋寮溪
http://www.wikidata.org/entity/Q32752095,鳳溪
http://www.wikidata.org/entity/Q32754527,岡林溪
http://www.wikidata.org/entity/Q32754704,港嘴灣
http://www.wikidata.org/entity/Q34830324,丸田溪
http://www.wikidata.org/entity/Q34852914,危頭坑
http://www.wikidata.org/entity/Q34856231,翁子社溪
http://www.wikidata.org/entity/Q32752007,筏子溪
http://www.wikidata.org/entity/Q32735238,滴水坑溪
http://www.wikidata.org/entity/Q32740738,冬山河舊道
http://www.wikidata.org/entity/Q32740757,東勢格溪
http://www.wikidata.org/entity/Q32746353,都蘭溪
http://www.wikidata.org/entity/Q32746387,都老老恩溪
http://www.wikidata.org/entity/Q32747621,哆囉固溪
http://www.wikidata.org/entity/Q32751148,耳無溪
http://www.wikidata.org/entity/Q32751839,蕃薯溪
http://www.wikidata.org/entity/Q32752108,楓林溪
http://www.wikidata.org/entity/Q32752121,楓樹坑溪
http://www.wikidata.org/entity/Q32754346,港澳溪
http://www.wikidata.org/entity/Q32755650,高雄圳
http://www.wikidata.org/entity/Q32740395,東河
http://www.wikidata.org/entity/Q34829479,網紗溪
http://www.wikidata.org/entity/Q34856328,文里溪
http://www.wikidata.org/entity/Q34856379,溫泉溪
http://www.wikidata.org/entity/Q32740816,東洗水溪
http://www.wikidata.org/entity/Q32742461,斗卡丹溪
http://www.wikidata.org/entity/Q34945304,Q34945304
http://www.wikidata.org/entity/Q34945765,Q34945765
http://www.wikidata.org/entity/Q34945776,Q34945776
http://www.wikidata.org/entity/Q34945822,Q34945822
http://www.wikidata.org/entity/Q34945834,Q34945834
http://www.wikidata.org/entity/Q34946106,Q34946106
http://www.wikidata.org/entity/Q34945788,新武呂溪
http://www.wikidata.org/entity/Q34945326,西湖溪
http://www.wikidata.org/entity/Q34945338,西湖溪
http://www.wikidata.org/entity/Q34945680,新街溪
http://www.wikidata.org/entity/Q34944862,霞喀羅溪
http://www.wikidata.org/entity/Q34944886,下勞灣溪
http://www.wikidata.org/entity/Q34945020,小北勢溪
http://www.wikidata.org/entity/Q34945085,小坑仔溪
http://www.wikidata.org/entity/Q34945128,小南勢坑
http://www.wikidata.org/entity/Q34945187,下田溪
http://www.wikidata.org/entity/Q34945701,新寮溪
http://www.wikidata.org/entity/Q34945711,新寮溪
http://www.wikidata.org/entity/Q34945721,新寮溪
http://www.wikidata.org/entity/Q34945857,熊空溪
http://www.wikidata.org/entity/Q34946555,旋塘溪
http://www.wikidata.org/entity/Q34945568,新豐溪
http://www.wikidata.org/entity/Q34945107,霄裡溪
http://www.wikidata.org/entity/Q34945626,行健溪
http://www.wikidata.org/entity/Q34945733,新隆河
http://www.wikidata.org/entity/Q34945983,西勢溪
http://www.wikidata.org/entity/Q34945995,西勢坑
http://www.wikidata.org/entity/Q34945043,小東勢溪
http://www.wikidata.org/entity/Q34945177,下廍溪
http://www.wikidata.org/entity/Q34945370,西喀拉溪
http://www.wikidata.org/entity/Q34945548,新城圳
http://www.wikidata.org/entity/Q34945580,新港北溪
http://www.wikidata.org/entity/Q34946153,西瓦少溪
http://www.wikidata.org/entity/Q34946344,塔瓦溪
http://www.wikidata.org/entity/Q34945845,芎蕉坑
http://www.wikidata.org/entity/Q34944851,下角港溪
http://www.wikidata.org/entity/Q34944919,香菇溪
http://www.wikidata.org/entity/Q34945031,小東河
http://www.wikidata.org/entity/Q34945117,小路溪
http://www.wikidata.org/entity/Q34945198,洽溪溪
http://www.wikidata.org/entity/Q34945615,興化店溪
http://www.wikidata.org/entity/Q34945646,幸原溪
http://www.wikidata.org/entity/Q34945745,新路溪
http://www.wikidata.org/entity/Q34945800,新園溪
http://www.wikidata.org/entity/Q34946586,雪山溪
http://www.wikidata.org/entity/Q34946605,雪山坑溪
http://www.wikidata.org/entity/Q34944908,象鼻坑
http://www.wikidata.org/entity/Q34945001,小邦坑
http://www.wikidata.org/entity/Q34945053,小飯壢溪
http://www.wikidata.org/entity/Q34945591,新港南溪
http://www.wikidata.org/entity/Q34945602,新港溪
http://www.wikidata.org/entity/Q34945690,新開溪
http://www.wikidata.org/entity/Q34946118,休督溪
http://www.wikidata.org/entity/Q34946141,秀巒溪
http://www.wikidata.org/entity/Q34946199,溪州溪
http://www.wikidata.org/entity/Q34945293,西定河
http://www.wikidata.org/entity/Q34945208,蝦仔坑
http://www.wikidata.org/entity/Q34945525,新班鳩溪
http://www.wikidata.org/entity/Q34946211,溪仔口溪
http://www.wikidata.org/entity/Q34946626,旭海溪
http://www.wikidata.org/entity/Q34944898,仙洞指坑溪
http://www.wikidata.org/entity/Q34945062,小礁溪
http://www.wikidata.org/entity/Q34945074,小腳腿溪
http://www.wikidata.org/entity/Q34945158,小瓦黑爾溪
http://www.wikidata.org/entity/Q34945537,新城溪
http://www.wikidata.org/entity/Q34945812,新莊溪
http://www.wikidata.org/entity/Q34944872,下坑溪
http://www.wikidata.org/entity/Q34944943,相原溪
http://www.wikidata.org/entity/Q34945168,小雪溪
http://www.wikidata.org/entity/Q34945249,西布喬溪
http://www.wikidata.org/entity/Q34946595,雪見溪
http://www.wikidata.org/entity/Q34946667,尋腰溪
http://www.wikidata.org/entity/Q34946727,許縣溪
http://www.wikidata.org/entity/Q87218928,砂溝碑
http://www.wikidata.org/entity/Q87219141,學甲寮排水
http://www.wikidata.org/entity/Q87219529,西山圳
http://www.wikidata.org/entity/Q87220448,東大排水
http://www.wikidata.org/entity/Q87220625,福興溪排水
http://www.wikidata.org/entity/Q87220768,牛寮埔溪
http://www.wikidata.org/entity/Q87220830,涵口圳
http://www.wikidata.org/entity/Q87220889,鹿耳門排水
http://www.wikidata.org/entity/Q87221320,重光1號排水
http://www.wikidata.org/entity/Q87221379,六股溪排水
http://www.wikidata.org/entity/Q87221447,伯公岡支線
http://www.wikidata.org/entity/Q87221555,溪埔子排水幹線
http://www.wikidata.org/entity/Q87221597,南門溪支線
http://www.wikidata.org/entity/Q87221707,南門溪
http://www.wikidata.org/entity/Q87221970,崩山坑溪
http://www.wikidata.org/entity/Q87222304,中直坑溪
http://www.wikidata.org/entity/Q87222782,東安 1 號排水路
http://www.wikidata.org/entity/Q87222808,溫子圳
http://www.wikidata.org/entity/Q87223051,御史坑溪
http://www.wikidata.org/entity/Q87223377,冷水坑溪
http://www.wikidata.org/entity/Q87223397,重光2號排水
http://www.wikidata.org/entity/Q87223510,金城湖排水
http://www.wikidata.org/entity/Q87223699,水確窠溪
http://www.wikidata.org/entity/Q87223703,土城仔排水
http://www.wikidata.org/entity/Q87223856,大窠坑溪
http://www.wikidata.org/entity/Q87224325,橫窠子排水幹線
http://www.wikidata.org/entity/Q87224337,外六寮排水
http://www.wikidata.org/entity/Q87224367,竹筏港之一排水
http://www.wikidata.org/entity/Q87224558,竹筏港之二排水
http://www.wikidata.org/entity/Q87224580,新寮坑支線
http://www.wikidata.org/entity/Q87224719,西衛1號排水
http://www.wikidata.org/entity/Q87224840,四湖支線
http://www.wikidata.org/entity/Q87224879,高雄農場排水
http://www.wikidata.org/entity/Q87224999,土城子一之二排水
http://www.wikidata.org/entity/Q87225095,港南排水幹線
http://www.wikidata.org/entity/Q87225751,鹽水溪排水
http://www.wikidata.org/entity/Q87227634,石厝坑溪
http://www.wikidata.org/entity/Q87227748,旱溪排水
http://www.wikidata.org/entity/Q87227812,頂寮排水幹線
http://www.wikidata.org/entity/Q87228687,友蚋溪
http://www.wikidata.org/entity/Q87229048,東文1號排水
http://www.wikidata.org/entity/Q87229379,庄子內溝
http://www.wikidata.org/entity/Q87229504,吉洋排水
http://www.wikidata.org/entity/Q87230336,樹子腳大排
http://www.wikidata.org/entity/Q87230361,石泉1號排水
http://www.wikidata.org/entity/Q87230770,下康樂排水
http://www.wikidata.org/entity/Q87231094,鹿寮排水
http://www.wikidata.org/entity/Q87231112,八股排水幹線
http://www.wikidata.org/entity/Q87231268,豐田排水
http://www.wikidata.org/entity/Q87238189,冷水坑溪
http://www.wikidata.org/entity/Q87232778,永樂排水
http://www.wikidata.org/entity/Q87233357,北排水
http://www.wikidata.org/entity/Q87233582,豐里排水
http://www.wikidata.org/entity/Q87233858,豐源排水
http://www.wikidata.org/entity/Q87234131,通地溝
http://www.wikidata.org/entity/Q87234148,射馬干排水
http://www.wikidata.org/entity/Q87234298,後庄排水
http://www.wikidata.org/entity/Q87234508,十股排水
http://www.wikidata.org/entity/Q87234657,后溪底排水
http://www.wikidata.org/entity/Q87234989,關山國小排水
http://www.wikidata.org/entity/Q87235241,樹玉埤排水
http://www.wikidata.org/entity/Q87235445,紅石溪
http://www.wikidata.org/entity/Q87235901,關山大排水
http://www.wikidata.org/entity/Q87237270,何姓溪排水幹線
http://www.wikidata.org/entity/Q87237327,劉厝溪
http://www.wikidata.org/entity/Q87237519,文山溪
http://www.wikidata.org/entity/Q87237702,惠來溪
http://www.wikidata.org/entity/Q87237942,港尾子溪
http://www.wikidata.org/entity/Q87238148,中央排水
http://www.wikidata.org/entity/Q87238481,大溪厝排水
http://www.wikidata.org/entity/Q87238592,東衛1號排水
http://www.wikidata.org/entity/Q87238656,大寶鎮排水
http://www.wikidata.org/entity/Q87239003,瑞豐排水
http://www.wikidata.org/entity/Q87239298,長濱排水
http://www.wikidata.org/entity/Q87239428,安宅1號排水
http://www.wikidata.org/entity/Q87239524,萬年溪排水
http://www.wikidata.org/entity/Q87239687,佳崙排水
http://www.wikidata.org/entity/Q87239758,嘉義排水
http://www.wikidata.org/entity/Q87240078,烏崁2號排水
http://www.wikidata.org/entity/Q87240272,南京排水
http://www.wikidata.org/entity/Q87240445,馬亨亨排水
http://www.wikidata.org/entity/Q87240608,同安厝排水
http://www.wikidata.org/entity/Q87240771,康樂排水
http://www.wikidata.org/entity/Q87240920,後庄直排
http://www.wikidata.org/entity/Q87240996,客雅溪延平支線
http://www.wikidata.org/entity/Q87241407,港北排水幹線
http://www.wikidata.org/entity/Q87241712,機場排水
http://www.wikidata.org/entity/Q87241798,埤麻腳排水
http://www.wikidata.org/entity/Q87241918,麻魚寮溪排水
http://www.wikidata.org/entity/Q87242082,港北金城橋幹線
http://www.wikidata.org/entity/Q87221418,湖內排水
http://www.wikidata.org/entity/Q87238766,頭汴坑溪
http://www.wikidata.org/entity/Q35331466,Q35331466
http://www.wikidata.org/entity/Q35331791,Q35331791
http://www.wikidata.org/entity/Q35331848,Q35331848
http://www.wikidata.org/entity/Q35331877,Q35331877
http://www.wikidata.org/entity/Q35332091,清水溪
http://www.wikidata.org/entity/Q35332106,清水溪
http://www.wikidata.org/entity/Q35332120,清水溪
http://www.wikidata.org/entity/Q35332134,清水溪
http://www.wikidata.org/entity/Q35332148,清水溪
http://www.wikidata.org/entity/Q35332162,清水溪
http://www.wikidata.org/entity/Q35332176,清水溪
http://www.wikidata.org/entity/Q35332190,清水溪
http://www.wikidata.org/entity/Q35332204,清水溪
http://www.wikidata.org/entity/Q35332218,清水溪
http://www.wikidata.org/entity/Q35332232,清水溪
http://www.wikidata.org/entity/Q35332245,清水溪
http://www.wikidata.org/entity/Q35331693,茄苳溪
http://www.wikidata.org/entity/Q35331707,茄苳溪
http://www.wikidata.org/entity/Q35331721,茄苳溪
http://www.wikidata.org/entity/Q35331735,茄苳溪
http://www.wikidata.org/entity/Q35331749,茄苳溪
http://www.wikidata.org/entity/Q35331638,芊蓁林溪
http://www.wikidata.org/entity/Q35331395,六重溪
http://www.wikidata.org/entity/Q35331568,前浦溪
http://www.wikidata.org/entity/Q35332036,清崗排水支線
http://www.wikidata.org/entity/Q35331325,柳川
http://www.wikidata.org/entity/Q35331494,六階鼻溪
http://www.wikidata.org/entity/Q35331596,羌子寮溪
http://www.wikidata.org/entity/Q35331819,七家灣溪
http://www.wikidata.org/entity/Q35331891,七里溪
http://www.wikidata.org/entity/Q35331905,麒麟坑
http://www.wikidata.org/entity/Q35332287,清水谷溪
http://www.wikidata.org/entity/Q35332301,清水坑溪
http://www.wikidata.org/entity/Q35332314,青潭溪
http://www.wikidata.org/entity/Q35332002,慶安水道
http://www.wikidata.org/entity/Q35332258,清水港
http://www.wikidata.org/entity/Q35332272,清水港
http://www.wikidata.org/entity/Q35332469,萩岡溪
http://www.wikidata.org/entity/Q35333281,立霧溪
http://www.wikidata.org/entity/Q35331521,留茂安溪
http://www.wikidata.org/entity/Q35331653,喬國拉次溪
http://www.wikidata.org/entity/Q35331805,崎腳溪
http://www.wikidata.org/entity/Q35331834,䓫萊溪
http://www.wikidata.org/entity/Q35331863,起垃嚕溪
http://www.wikidata.org/entity/Q35331946,奇美西溪
http://www.wikidata.org/entity/Q35331508,流麻溝
http://www.wikidata.org/entity/Q35331627,流籐坑溪
http://www.wikidata.org/entity/Q35331624,前鎮溪
http://www.wikidata.org/entity/Q35331657,流興溪
http://www.wikidata.org/entity/Q35331762,茄荖溪
http://www.wikidata.org/entity/Q35331776,七股溪
http://www.wikidata.org/entity/Q35331933,奇美溪
http://www.wikidata.org/entity/Q35332016,清昌溪
http://www.wikidata.org/entity/Q35332050,清流溪
http://www.wikidata.org/entity/Q35331480,六股溪
http://www.wikidata.org/entity/Q35331919,奇美東溪
http://www.wikidata.org/entity/Q35332077,淸水溪
http://www.wikidata.org/entity/Q35332441,旗山溪
http://www.wikidata.org/entity/Q35332482,唭子坑溪
http://www.wikidata.org/entity/Q35331612,六雙溪
http://www.wikidata.org/entity/Q35331680,伽溪
http://www.wikidata.org/entity/Q87242169,陸安排水
http://www.wikidata.org/entity/Q87243792,池上大坡池排水
http://www.wikidata.org/entity/Q87243827,鐵線1號排水
http://www.wikidata.org/entity/Q87244167,鐵線2號排水
http://www.wikidata.org/entity/Q87244165,池上國中排水
http://www.wikidata.org/entity/Q87244941,鐵線3號排水
http://www.wikidata.org/entity/Q87245812,五德1號排水
http://www.wikidata.org/entity/Q87245887,五德2號排水
http://www.wikidata.org/entity/Q87246206,山水1號排水
http://www.wikidata.org/entity/Q87246213,山水2號排水
http://www.wikidata.org/entity/Q87246226,山水3號排水
http://www.wikidata.org/entity/Q87246234,井垵1號排水
http://www.wikidata.org/entity/Q87246248,井垵2號排水
http://www.wikidata.org/entity/Q87246304,井垵3號排水
http://www.wikidata.org/entity/Q34906970,Q34906970
http://www.wikidata.org/entity/Q34907475,Q34907475
http://www.wikidata.org/entity/Q34939307,Q34939307
http://www.wikidata.org/entity/Q34939413,Q34939413
http://www.wikidata.org/entity/Q34939550,Q34939550
http://www.wikidata.org/entity/Q34939672,Q34939672
http://www.wikidata.org/entity/Q34939695,Q34939695
http://www.wikidata.org/entity/Q34939718,Q34939718
http://www.wikidata.org/entity/Q34939840,Q34939840
http://www.wikidata.org/entity/Q35274522,Q35274522
http://www.wikidata.org/entity/Q35320111,Q35320111
http://www.wikidata.org/entity/Q34940370,烏溪
http://www.wikidata.org/entity/Q34954509,鹽港溪
http://www.wikidata.org/entity/Q34906956,泰平溪
http://www.wikidata.org/entity/Q34906983,泰平溪
http://www.wikidata.org/entity/Q34919438,塔洛木溪
http://www.wikidata.org/entity/Q34919476,塔羅塔羅曾南溪
http://www.wikidata.org/entity/Q34920507,塔曼溪
http://www.wikidata.org/entity/Q34932205,桃山溪
http://www.wikidata.org/entity/Q34940124,武榮山坑
http://www.wikidata.org/entity/Q34940202,烏砂溪
http://www.wikidata.org/entity/Q34940335,烏塗溪
http://www.wikidata.org/entity/Q34954445,楊岸溪
http://www.wikidata.org/entity/Q34954959,洋仔厝溪
http://www.wikidata.org/entity/Q34960431,亞知巴溪
http://www.wikidata.org/entity/Q34961438,爺巴堪溪
http://www.wikidata.org/entity/Q35386021,科底溪
http://www.wikidata.org/entity/Q35408026,客雅溪
http://www.wikidata.org/entity/Q34906339,臺坂溪
http://www.wikidata.org/entity/Q34906353,泰崗溪
http://www.wikidata.org/entity/Q34906997,太平溪東源
http://www.wikidata.org/entity/Q34919465,塔羅塔羅曾北溪
http://www.wikidata.org/entity/Q34932053,桃米溪
http://www.wikidata.org/entity/Q34940391,武營溪
http://www.wikidata.org/entity/Q34940409,吳再溪南溪
http://www.wikidata.org/entity/Q34973123,椰油南溪
http://www.wikidata.org/entity/Q34973421,葉子寮溪
http://www.wikidata.org/entity/Q35295852,松柏坑溪
http://www.wikidata.org/entity/Q35295879,松柏坑溪
http://www.wikidata.org/entity/Q35296342,松子腳溪
http://www.wikidata.org/entity/Q35307488,瑞岩溪
http://www.wikidata.org/entity/Q35386721,巒大溪
http://www.wikidata.org/entity/Q35389701,鹿場溪
http://www.wikidata.org/entity/Q34939684,無名溪
http://www.wikidata.org/entity/Q34939707,無名溪
http://www.wikidata.org/entity/Q34939380,五股坑溪
http://www.wikidata.org/entity/Q34919489,塔羅灣溪
http://www.wikidata.org/entity/Q34904489,塔古夫庫拉溪
http://www.wikidata.org/entity/Q34939929,五棚坑溪
http://www.wikidata.org/entity/Q34940345,烏瓦拉鼻溪
http://www.wikidata.org/entity/Q34973683,一號溪
http://www.wikidata.org/entity/Q35270987,榮華溪
http://www.wikidata.org/entity/Q35299606,崁頂坑溪
http://www.wikidata.org/entity/Q35301827,康誥坑溪
http://www.wikidata.org/entity/Q35364254,龍頸溪
http://www.wikidata.org/entity/Q35363794,龍溪
http://www.wikidata.org/entity/Q34955653,鹽水溪
http://www.wikidata.org/entity/Q34955665,鹽水溪
http://www.wikidata.org/entity/Q34906720,太麻里溪
http://www.wikidata.org/entity/Q34907010,太平溪西源
http://www.wikidata.org/entity/Q34929219,炭寮坑
http://www.wikidata.org/entity/Q34939470,烏來溪
http://www.wikidata.org/entity/Q34940247,五十溪
http://www.wikidata.org/entity/Q34940400,武雲溪
http://www.wikidata.org/entity/Q34955087,奄江岸坑
http://www.wikidata.org/entity/Q35296077,松羅溪
http://www.wikidata.org/entity/Q35308056,崁頭溪
http://www.wikidata.org/entity/Q35308071,崁頭溪
http://www.wikidata.org/entity/Q35387031,鸞山溪
http://www.wikidata.org/entity/Q35391081,魯丹溪
http://www.wikidata.org/entity/Q34938946,烏爾托博哈溪
http://www.wikidata.org/entity/Q34939492,武拉庫散溪
http://www.wikidata.org/entity/Q34939584,武鹿溪
http://www.wikidata.org/entity/Q34940215,烏山頭水庫主流
http://www.wikidata.org/entity/Q34940259,烏石坑溪
http://www.wikidata.org/entity/Q34954081,鹽埕溪
http://www.wikidata.org/entity/Q34954707,羊寮溪
http://www.wikidata.org/entity/Q34973134,椰油溪
http://www.wikidata.org/entity/Q35299592,崁頂溪
http://www.wikidata.org/entity/Q35305131,堪姆卒溪
http://www.wikidata.org/entity/Q35319764,普亞女溪
http://www.wikidata.org/entity/Q35364000,龍洞溪
http://www.wikidata.org/entity/Q35364356,龍目井溪
http://www.wikidata.org/entity/Q35364384,瀧乃溪
http://www.wikidata.org/entity/Q35295839,松柏坑
http://www.wikidata.org/entity/Q64358791,打馬溝溪
http://www.wikidata.org/entity/Q35364577,龍泉溪
http://www.wikidata.org/entity/Q34907025,太平窩溪
http://www.wikidata.org/entity/Q34919425,塔羅留溪
http://www.wikidata.org/entity/Q34924196,塔乃庫溪
http://www.wikidata.org/entity/Q34939336,五分港溪
http://www.wikidata.org/entity/Q34940226,霧社溪
http://www.wikidata.org/entity/Q34955624,鹽桑坑
http://www.wikidata.org/entity/Q35295989,松風溪
http://www.wikidata.org/entity/Q35296243,松山溪
http://www.wikidata.org/entity/Q35307571,蚋仔溪
http://www.wikidata.org/entity/Q35343599,卡社北溪
http://www.wikidata.org/entity/Q35343614,卡社溪
http://www.wikidata.org/entity/Q35364343,龍門溪
http://www.wikidata.org/entity/Q64358842,新店溪
http://www.wikidata.org/entity/Q64828035,無名溪
http://www.wikidata.org/entity/Q34925219,潭頂溪
http://www.wikidata.org/entity/Q34939347,五福溪
http://www.wikidata.org/entity/Q34939357,烏乾坑溪
http://www.wikidata.org/entity/Q34965149,籐橋溪
http://www.wikidata.org/entity/Q34973079,野銀溪
http://www.wikidata.org/entity/Q35291357,瑞樹坑溪
http://www.wikidata.org/entity/Q35386706,巒大溪
http://www.wikidata.org/entity/Q64358797,飛鳳溪
http://www.wikidata.org/entity/Q34907530,抬耀溪
http://www.wikidata.org/entity/Q34932193,陶塞溪
http://www.wikidata.org/entity/Q34939437,五崁溪
http://www.wikidata.org/entity/Q34939529,五寮河
http://www.wikidata.org/entity/Q34940270,無水溪
http://www.wikidata.org/entity/Q34955681,鹽水坑溪
http://www.wikidata.org/entity/Q34959229,特富野溪
http://www.wikidata.org/entity/Q34965096,籐寮坑溪
http://www.wikidata.org/entity/Q35364240,龍蛟水溪
http://www.wikidata.org/entity/Q35386020,鹿耳門溪
http://www.wikidata.org/entity/Q67935074,三爺宮溪
http://www.wikidata.org/entity/Q60996807,隘寮溪
http://www.wikidata.org/entity/Q34939287,五重溪
http://www.wikidata.org/entity/Q64358779,柯子湖溪
http://www.wikidata.org/entity/Q64358787,沙河溪
http://www.wikidata.org/entity/Q62149414,蓬萊溪
http://www.wikidata.org/entity/Q62151379,南河溪
http://www.wikidata.org/entity/Q64827470,二鬮溪
http://www.wikidata.org/entity/Q64358845,景山溪
http://www.wikidata.org/entity/Q64358774,德盛溪
http://www.wikidata.org/entity/Q64358826,拔仔岡溪
http://www.wikidata.org/entity/Q35392579,Q35392579
http://www.wikidata.org/entity/Q35402045,Q35402045
http://www.wikidata.org/entity/Q35428521,Q35428521
http://www.wikidata.org/entity/Q35438042,Q35438042
http://www.wikidata.org/entity/Q35485596,Q35485596
http://www.wikidata.org/entity/Q35411991,鹿野溪
http://www.wikidata.org/entity/Q35400154,坑内溪
http://www.wikidata.org/entity/Q35406402,螺仔溪
http://www.wikidata.org/entity/Q35437608,馬達吉
http://www.wikidata.org/entity/Q35456319,馬戛英溪
http://www.wikidata.org/entity/Q35486347,瑪陵坑溪
http://www.wikidata.org/entity/Q35436443,蘇澳溪
http://www.wikidata.org/entity/Q35400141,坑內溝
http://www.wikidata.org/entity/Q35440170,馬斗欄坑
http://www.wikidata.org/entity/Q35443496,馬佛溪
http://www.wikidata.org/entity/Q35449542,馬海僕溪
http://www.wikidata.org/entity/Q35450790,馬哈武溪
http://www.wikidata.org/entity/Q35452197,馬霍拉斯溪
http://www.wikidata.org/entity/Q35466408,瑪拉拉歐溪
http://www.wikidata.org/entity/Q35400187,鹿寮溪
http://www.wikidata.org/entity/Q35400200,鹿寮溪
http://www.wikidata.org/entity/Q35400213,鹿寮坑
http://www.wikidata.org/entity/Q35400226,鹿寮坑
http://www.wikidata.org/entity/Q35406390,羅英溪
http://www.wikidata.org/entity/Q35412411,蘆竹坑
http://www.wikidata.org/entity/Q35425848,呂範溪
http://www.wikidata.org/entity/Q35428509,馬岸溪
http://www.wikidata.org/entity/Q35437685,馬達拉溪
http://www.wikidata.org/entity/Q35456294,馬戛次託溪
http://www.wikidata.org/entity/Q35456307,馬加祿溪
http://www.wikidata.org/entity/Q35491065,碼崙溪
http://www.wikidata.org/entity/Q35394023,科蘭溪
http://www.wikidata.org/entity/Q35400128,坑口埤
http://www.wikidata.org/entity/Q35400167,坑内坑排水
http://www.wikidata.org/entity/Q35401767,露門溪
http://www.wikidata.org/entity/Q35412219,蘆芝坑溪
http://www.wikidata.org/entity/Q35440148,麻豆大排
http://www.wikidata.org/entity/Q35448228,馬咕帶溪
http://www.wikidata.org/entity/Q35491051,馬崙溪
http://www.wikidata.org/entity/Q35394193,鹿湖溪
http://www.wikidata.org/entity/Q35400219,坑子溪
http://www.wikidata.org/entity/Q35400239,鹿寮坑溪
http://www.wikidata.org/entity/Q35401994,鹿鳴溪
http://www.wikidata.org/entity/Q35405876,崙尾坑
http://www.wikidata.org/entity/Q35406123,羅東溪
http://www.wikidata.org/entity/Q35406143,喀塔朗溪
http://www.wikidata.org/entity/Q35406349,喀特博拉溪
http://www.wikidata.org/entity/Q35425899,綠茂溪
http://www.wikidata.org/entity/Q35437623,馬達吉達溪
http://www.wikidata.org/entity/Q35485356,麻利都邵溪
http://www.wikidata.org/entity/Q35485541,馬里加宛溪
http://www.wikidata.org/entity/Q35486408,馬鄰坑
http://www.wikidata.org/entity/Q35489709,麻漏溪
http://www.wikidata.org/entity/Q35428546,馬凹溪
http://www.wikidata.org/entity/Q35437979,馬當溪
http://www.wikidata.org/entity/Q35453008,麥巴來溪
http://www.wikidata.org/entity/Q35466501,馬拉濫溪
http://www.wikidata.org/entity/Q35393129,可可亞溪
http://www.wikidata.org/entity/Q35400175,鹿寮溪
http://www.wikidata.org/entity/Q35400232,坑仔背坑
http://www.wikidata.org/entity/Q35405527,崙天溪
http://www.wikidata.org/entity/Q35430164,麻必浩溪
http://www.wikidata.org/entity/Q35448190,瑪谷溪
http://www.wikidata.org/entity/Q35485528,馬利加南溪
http://www.wikidata.org/entity/Q35394613,鹿角坑溪
http://www.wikidata.org/entity/Q35406019,崙子溪
http://www.wikidata.org/entity/Q35408749,柯志溪
http://www.wikidata.org/entity/Q35432629,馬槽溪
http://www.wikidata.org/entity/Q35485770,馬里蘭溪
http://www.wikidata.org/entity/Q35486868,馬里山溪
http://www.wikidata.org/entity/Q35487112,麻利霧溪
