Category,ChineseTerminology,Description,EnglishTerminology,SerialNumber
河川簡介,東河溪,東河溪位於苗栗縣境內，為中央管河川中港溪支流南庄溪上游主要水路。,Donghe River,147
河川簡介,東埔蚋溪,濁水溪水系支流,Dongpurui River,148
河川簡介,東港溪,東港溪流域位於台灣南部屏東縣境內，介於高屏溪與林邊溪間，座落屏東平原中部·東港溪發源於屏東縣南大武山前麓，於屏東縣東港鎮北側出海，全長44.00公里。,Donggang River,149
河川簡介,東廣寮溪,朴子溪水系支流,Donguangliao River,150
河川簡介,東壘溪,蘭陽溪支流,Donglei River,151
河川簡介,松子腳溪,,Songzijiao River,152
河川簡介,松羅溪,,Songluo River,153
河川簡介,武洛溪,高屏溪水系支流,Wuluo River,154
河川簡介,武鹿溪,,Wulu River,155
河川簡介,泥水溪,,Nishui River,156
河川簡介,河內溪,光復溪支流,Henei River,157
河川簡介,油車溪,,Youche River,158
河川簡介,油羅溪,頭前溪水系支流,Youluo River,159
河川簡介,芭蕉溪,,Bajiao River,160
河川簡介,花蓮溪,花蓮溪的發源地在中央山脈的丹大山，在向東流入花東縱谷後，沿著縱谷平原轉向北流，而在花蓮市南區注入太平洋。,Hualien River,161
河川簡介,虎尾溪,北港溪水系支流,Huwei River,162
河川簡介,阿公店溪,阿公店溪位於台灣的南部，屬於中央管河川，發源高雄市烏山頂，幹流長度38.00公里，流域面積137.07平方公里，分佈於高雄市岡山區、燕巢區、阿蓮區、路竹區、永安區、彌陀區，主要支流為潭底洋排水。,Agongdian River,163
河川簡介,阿里山溪,,Alishan River,164
河川簡介,阿里不動溪,,Alibudong River,165
河川簡介,阿夜西溪,,Ayexi River,166
河川簡介,阿拔泉溪,朴子溪水系支流,Abaqyuan River,167
河川簡介,阿眉溪,,Amei River,168
河川簡介,南庄溪,中港溪水系支流,Nanzhuang River,169
河川簡介,南河溪,,Nanhe River,170
河川簡介,南清水溝溪,,Nanqingshuigou River,171
河川簡介,南清水溪,光復溪支流,South Cingshuei River,172
河川簡介,南港溪,中港溪水系支流,Nangang River,173
河川簡介,南湖溪,大甲溪水系支流,Nanhu River,174
河川簡介,南勢溪,南勢溪位於台灣北部，是新店溪的源流之一，全長約45公里，流域面積332平方公里，流域涵蓋新北市烏來區全境及新店區南端一小部分。其源頭位於棲蘭山與拳頭母山之間的松羅湖，先向東北流至哈盆後轉向西北流，至福山匯集扎孔溪、大羅蘭溪兩大支流後轉向北流，經信賢、屯鹿至烏來，在此匯集最大支流桶後溪，隨後經忠治後出烏來區境，於新店區之龜山與北勢溪交會，改稱為新店溪而終止。南勢溪上游有農委會林業試驗所的福山植物園，是一座具有研究及教育性質的天然植物生態園區，一般民眾需事先申請核可始能入園。該園雖然位於新北市境內，但因位置偏遠，一般均從宜蘭縣進出。南勢溪下游另有內洞森林遊樂區、烏來風景區等景點，為大台北地區著名的旅遊勝地。,Nanshi River,175
河川簡介,後旦溪,,Houdan River,176
河川簡介,後堀溪,曾文溪水系支流,Houjue River,177
河川簡介,後龍溪,後龍溪發源自苗栗縣東側的加里山山脈之鹿場大山，標高2616公尺。,Houlong River,178
河川簡介,急水溪,急水溪流域位於台灣西南部，北接八掌溪流域，南接將軍溪流域，東南與曾文溪為鄰，西臨台灣海峽，急水溪發源於白河鎮阿里山山脈關子嶺南寮東南方，並由台南縣南鯤鯓王爺港流入海，全長65.00公里·,Jishui River,179
河川簡介,柑仔坑溪,,Ganzikeng River,180
河川簡介,眉溪,烏溪水系支流,Mei River,181
河川簡介,紅石溪,,Hongshi River,182
河川簡介,紅葉溪,秀姑巒溪水系支流,Hongye River,183
河川簡介,美濃溪,高屏溪水系支流,Meinong River,184
河川簡介,美優溪,,Meiyou River,185
河川簡介,茂安溪,,Maoan River,186
河川簡介,苓雅溪,,Lingya River,187
河川簡介,飛鳳溪,後龍溪支流,Feifeng River,188
河川簡介,峨眉溪,,Emei River,189
河川簡介,崁頂溪,,Kanding River,190
河川簡介,扇平溪,,Shanping River,191
河川簡介,泰崗溪,,Taigang River,192
河川簡介,海豐崙溪,,Haifenglun River,193
河川簡介,烏牛欄溪,,Wuniulan River,194
河川簡介,烏石坑溪,大安溪水系支流,Wushikeng River,195
河川簡介,烏溪,位於台灣中部，發源於中央山脈合歡山西麓，海拔2596公尺。流域範圍東邊是以中央山脈為界，北邊接大甲溪流域，南邊接濁水溪流域，溪邊是到台中市龍井區，出海口位於台中市與彰化縣的交界，最後注入台灣海峽。整個流域看起來像極了桐葉。烏溪在台灣中部，發源地在中央山脈合歡山西麓。,Wu River,196
河川簡介,留茂安溪,,Liumaoan River,197
河川簡介,破鐺溪,,Podang River,198
河川簡介,草湖溪,草湖溪位於台灣中部，屬於烏溪水系，為大里溪支流，河長14.9公里，流域面積47.66平方公里，河床平均坡降1/90。流域分布於臺中市南部，包括霧峰區東北半部、大里區東南端及太平區南端。本流發源於大橫屏山山脈西側的太平區黃竹里，分向西北流至大里區頂塗城一帶匯合，向西沿大里、霧峰交界繞行至大里區西湖里附近會合乾溪，續流至大里區夏田里附近注入大里溪。,Caohu River,199
河川簡介,郡坑溪,濁水溪水系支流,Junkeng River,200
河川簡介,馬太鞍溪,,Matai'an River,201
河川簡介,馬加祿溪,,Majialu River,202
河川簡介,馬佛溪,馬佛溪位於花蓮縣光復鄉，為中央管河川花蓮溪之支流，全長約17.7公里，總流域面積約14.42平方公里，出山谷後平地流長約6公里，平地集水面積約8平方公里，主要保護光復鄉大全村、西富村、南富村及北富村。,Mofo River,203
河川簡介,馬鞍溪,花蓮溪水系支流,Maan River,204
河川簡介,高屏溪,"高屏溪位於台灣南部，舊名下淡水溪，發源於中央山脈玉山附近，向南流經高雄、屏東兩縣之25鄉鎮市， 於林園鄉及新園鄉注入台灣海峽，主流全長171公里，流域面積3,257平方公里，為台灣流域面積最大、次長之河川，上游除幹流荖濃溪外，主要支流包括旗 山溪、隘寮溪及荖濃溪分流濁口溪，旗山溪分流美濃溪、口隘溪等。",Gaoping River,205
河川簡介,高寮溪,,Gauliao River,206
河川簡介,荖溪,,Lao River,207
河川簡介,荖濃溪,高屏溪水系支流,Laonong River,208
河川簡介,乾溪,,Gan River,209
河川簡介,基隆河,基隆河是位於台灣北部的一條河川，也是淡水河三大主要支流之一，為台灣少數以「河」為名的河川，全長86.4公里，河段橫跨新北市、基隆市與台北市。該河川雖以「基隆」為名，但實際上主流及其支流主要分布於新北市與台北市，實際流經基隆市之河段僅約15公里（佔15％）。,Keelung River,210
河川簡介,密枝溪,曾文溪水系支流,Mizhi River,211
河川簡介,崙子溪,,Lunzi River,212
河川簡介,崙天溪,,Luntian River,213
河川簡介,崙埤溪,,Lunpizi River,214
河川簡介,排谷溪,,Paigu River,215
河川簡介,梵梵溪,,Fanfan River,216
河川簡介,梅林溪,,Meilin River,217
河川簡介,清水溪,濁水溪水系支流,Qingshui River,218
河川簡介,粗坑溪,,Cukeng River,219
河川簡介,陳有蘭溪,濁水溪水系支流,Chenyoulan River,220
河川簡介,頂埔溪,朴子溪水系支流,Dingpu River,221
河川簡介,頂粗坑溪,蘭陽溪支流,Dingcukeng River,222
河川簡介,鹿野溪,卑南溪水系支流,Luye River,223
河川簡介,鹿鳴溪,,Luming River,224
河川簡介,鹿寮溪,卑南溪水系支流,Luliao River,225
河川簡介,寒溪,,Han River,226
河川簡介,富源溪,秀姑巒溪水系支流,Fuyuan River,227
河川簡介,富興溪,,Fuxing River,228
河川簡介,景山溪,大安溪水系支流,Jingshan River,229
河川簡介,景美溪,淡水河水系支流,Jingmei River,230
河川簡介,曾文溪,位於阿里山山脈的萬歲山是曾文溪的河川發源地，它主要支流有後崛溪，菜寮溪，官田溪等。,Zengwen River,231
河川簡介,番子路科溪,朴子溪水系支流,Fanziluke River,232
河川簡介,筆石溪,,Bishi River,233
河川簡介,筏子溪,烏溪水系支流,Fazi River,234
河川簡介,菜寮溪,曾文溪水系支流,Cailiao River,235
河川簡介,雲林溪,,Yunlin River,236
河川簡介,圓山溪,,Yuanshan River,237
河川簡介,塔羅灣溪,濁水溪水系支流,Talurwan River,238
河川簡介,新店溪,淡水河水系支流,Xindian River,239
河川簡介,新武呂溪,,XinwuLü River,240
河川簡介,新興溪,,XinXing River,241
河川簡介,楠溪,,Nan River,242
河川簡介,楓溪,,Feng River,243
河川簡介,溝坪溪,,Gouping River,244
河川簡介,獅子頭溪,朴子溪水系支流,Shizitou River,245
河川簡介,萬大溪,濁水溪水系支流,Wanda River,246
河川簡介,萬安溪,東港溪水系支流,Wanan River,247
河川簡介,萬里溪,花蓮溪水系支流,Wanli River,248
河川簡介,葉子寮溪,,Yeziliao River,249
河川簡介,過溪,,Guo River,250
河川簡介,隘寮北溪,高屏溪水系支流,Ailiaobei River,251
河川簡介,隘寮南溪,高屏溪水系支流,Ailiaonan River,252
河川簡介,隘寮溪,高屏溪水系支流,Ailiao River,253
河川簡介,雷公坑溪,,Leigongkeng River,254
河川簡介,嘉武溪,,Jiawu River,255
河川簡介,嘉豐一號溪,,Jiafeng NO.1 River,256
河川簡介,嘉豐二號溪,鹿野溪支流,Jiafeng NO.2 River,257
河川簡介,嘉豐溪,,Jiafeng River,258
河川簡介,壽豐溪,花蓮溪水系支流,Shoufeng River,259
河川簡介,實谷富溪,,Shigufu River,260
河川簡介,旗山溪,高屏溪水系支流,Qishan River,261
河川簡介,蒼庫溪,,Cangku River,262
河川簡介,鳳山溪,鳳山溪與台灣西部其他河川類似，都是由東往西流向大海；而且是流程短促、落差大。     自馬武督發源，西流至水汴頭匯大旱坑溪，此段在關西鎮內的中上游流域，雖然只有短短的數 10公里，對於該區的農業用水及休閒休憩都有很重要的意義。,Fengshan River,263
河川簡介,鳳林溪,,Fenglin River,264
河川簡介,樟平溪,,Changping River,265
河川簡介,樂合溪,,Lehe River,266
河川簡介,樂樂溪,秀姑巒溪水系支流,Lele River,267
河川簡介,碼崙溪,,Malun River,268
河川簡介,霄裡溪,鳳山溪水系支流,Xiaoli River,269
河川簡介,澐水溪,,Yunshui River,270
河川簡介,橫溪,,Heng River,271
河川簡介,濁口溪,高屏溪水系支流,Zhuokou River,272
河川簡介,貓羅溪,烏溪水系支流,Maoluo River,273
河川簡介,頭汴坑溪,,Toubiankeng River,274
河川簡介,頭前溪,"頭前溪的上游支流叫上坪溪，發源於新竹縣東部雪山山脈的鹿場大山(標高2,616公尺)西北麓，流經五峰鄉、橫山鄉後，在竹東與發源於新竹縣尖石鄉李凍山(標高1,913公尺)的油羅溪，匯流而成頭前溪，再西經芎林鄉、竹北市、新竹市後，到了南寮附近與鳳山溪匯流約500公尺後注入台灣海峽。",Touqian River,275
河川簡介,龜重溪,急水溪水系支流,Guizhong River,276
河川簡介,磺溪,磺溪（亦稱北磺溪、Nothern Sulfur creek）為於台灣北部的獨立水系，發源於七星山北麓，於新北市金山區注入東海。其幹流長度13.50公里，流域面積49.07平方公里，分布於台北市士林區、北投區、新北市金山區等行政區。,Huang River,277
河川簡介,螺仔溪,,Luozai River,278
河川簡介,豐坪溪,秀姑巒溪水系支流,Fengping River,279
河川簡介,雞隆河,後龍溪水系支流,Jilong River,280
河川簡介,羅東溪,蘭陽溪水系支流,Luodong River,281
河川簡介,寶來溪,位於台灣南部，屬於高屏溪水系，為荖濃溪第二大支流，河長28公里，流域面積133平方公里，分布於高雄市六龜區東北端及桃源區中南部。主流發源於卑南主山北側，先向北復轉西北流，至透仔火轉向西南流，至石洞溫泉再轉向西北流，於寶來注入荖濃溪。,Baolai River,282
河川簡介,鱉溪,鱉溪位於花蓮縣富里鄉，發源於海岸山脈，為秀姑巒溪上游支流，過去常有鱉群出沒而得名，此外，流域內另有吉拉哈艾(ci-halaay，意指日本禿頭鯊)、栲洞(kau-don，意指猴子)除展現阿美族對地方命名的文化外，亦反映出當時的生態情形。但時至今日，魚類族群數量雖然豐富，但幾乎皆是西部原生入侵種如：粗首鱲、明潭吻鰕虎、臺灣石魚賓，且下游地區外來種如：吳郭魚、琵琶鼠亦有增多的趨勢，而原有的生物如鱉、日本禿頭鯊數量已極為稀少，臺灣東部特有的菊池氏細鯽現已幾乎絕跡。,Bie River,283
河川簡介,鹽水坑溪,後龍溪支流,Yanshuikeng River,284
河川簡介,鹽水溪,鹽水溪，它的位置在台南市，發源於龍崎的大坑尾中央山脈南部低山地帶，向西流經過關廟之後稱為咬狗溪，然後再轉北繼續沿歸仁、關廟交界而流，在永康，新化交界稱為許縣溪，並且在此匯深坑子、潭頂二條溪，繼續向下流經過永康與新市、安南區界，在這開始稱為鹽水溪。,Yanshui River,285
河川簡介,灣丘溪,曾文溪水系支流,Wanqiu River,286
河川簡介,廍子溪,廍子溪，舊名廍仔坑溪，位於台灣中部，屬於烏溪水系，為大里溪支流，河長11.53公里，流域面積22.10平方公里，河床平均坡降1/50[1]。流域分佈於臺中市太平區北部及臺中市北屯區南端。主流發源於大橫屏山山脈海拔標高859公尺之頭嵙山西側，向西沿臺中市北屯、太平區交界流經內坪林、水井後，轉向南進入太平區境，於太平區宜佳里與大坑溪合流後，改稱大里溪。,Puzi River,287
河川簡介,淡水河,"淡水河發源於品田山(標高3,529公尺，位於新竹縣及台中市交界)；位於台灣北部，幹流長度158.70公里，為台灣第三長之河流；流域面積2,726.00平方公里，亦為第三大。",Tamsui River,288
河川簡介,濁水溪,濁水溪，發源於合歡山主峰與東峰間的「左久間鞍部」，大約在標高3200公尺處，其最上游為霧社溪，係集合歡山西坡之水，沿縱谷流下，至廬山附近與塔羅灣溪匯流，至萬大附近與萬大溪合流，再併入丹大溪、巒大溪、郡大溪、水里溪、陳有蘭溪等支流。其下河谷漸漸開闊，於集集盆地再納清水溝溪、東埔蚋溪與清水溪後流入彰雲平原。並於彰化縣大城鄉的下海墘村與雲林縣麥寮鄉許厝寮之間流入台灣海峽，全長186.6公里，為全台灣最長的一條河。,Zhuoshui River,289
河川簡介,蘭陽溪,蘭陽溪發源於南湖大山北麓（標高3536公尺），從五結與壯圍出海，注入太平洋。,Lanyang River,290
河川簡介,澳花瀑布,澳花溪上游的澳花瀑布，位在宜蘭縣南澳鄉與花蓮縣秀林鄉的交界，屬於南澳鄉澳花村。從神祕湖傾瀉而下的溪水，由這裡直瀉下地，注入下方深不見底的深潭，迸裂出四散的水花，聲勢相當驚人。,,1900
河川簡介,九芎坑溪,,Jiuqiongkeng River,1901
河川簡介,九岸溪,,Jiuan River,1902
河川簡介,二仁溪,發源地：由內門區上溯石門坑發源於高雄市內門區木柵村的山豬湖（地點標高460公尺），經調查二仁溪源頭沿著烏山往下延伸的丘陵（新化丘陵）地是至蘇遠埔進入平原地形，丘陵西側中心崙為另一源頭。分界點：二仁溪主流概略以田寮區崗山頭為平地與山地的分界點。,Erren River,1903
河川簡介,二重疏洪道,二重疏洪道位於臺灣新北市，是一條長約7.7公里、寬450至700公尺，面積約424公頃的排洪道，左右堤岸與新北市的五股區、新莊區、三重區、蘆洲區相鄰，為「台北地區防洪計畫」之一環。,Erchong Floodway,1904
河川簡介,八掌溪,八掌溪原名「八獎溪」，因有赤蘭溪等八條小溪合併而得名，主流發源於嘉義縣竹崎鄉奮起湖山(標高1940公尺)。,Bazhang River,1905
河川簡介,十八重溪,,Shibachong River,1906
河川簡介,三光溪,,Sanguang River,1907
河川簡介,三峽河,三峽河主流大豹溪發源於三峽區熊空山、加包山、塔開山及東眼山等，在匯合處會五寮溪後始稱三峽河，為大漢溪主要支流。流域面積200平方公里，主流長約30公里。流域隸屬行政轄區包括新北市三峽區、樹林區、土城區及桃園縣大溪鎮之一小部分。本流集水區形狀屬狹長形，坡度陡，為一急流河川。,Sanxia River,1908
河川簡介,三疊溪,北港溪水系支流,Sandie River,1909
河川簡介,上坪溪,頭前溪水系支流,Shangping River,1910
河川簡介,口隘溪,,Kouai River,1911
河川簡介,土場溪,,Tuchang River,1912
河川簡介,大甲溪,"大甲溪位於台灣中部台中市境內，東界中央山脈，北與大安溪流域為鄰，南臨烏溪流域，上游發源於中央山脈之次高山(標高3,884公尺)及南湖大山(標高3,740公尺)，主流由南湖溪流至太保久與伊卡丸溪匯合後，始稱大甲溪。流經梨山、佳陽至達見，河幅較寬廣，以下則成帶形，經谷關、白冷、馬鞍寮至東勢流入平原，在梧棲北側頭北厝注入台灣海峽，流域面積約1,236平方公里，主流全長約124公里，河床平均比降約1/60。",Dajia River,1913
河川簡介,大安溪,大安溪位於台灣中部台中市、苗栗縣境內，亦是苗栗縣與台中市的天然界河，南臨大甲溪，北為後龍溪，大安溪發源於雪山山脈之大霸尖山，海拔約3488公尺，並由台中市大安區頂安村流入台灣海峽，全長約95.76公里。,Daan River,1914
河川簡介,大坑溪,,Dakeng River,1915
河川簡介,大肚滑溪,,Daduhua River,1916
河川簡介,大里溪,烏溪水系支流,Dali River,1917
河川簡介,大坪溪,,Daping River,1918
河川簡介,大坡溪,,Dapo River,1919
河川簡介,大埔溪,,Dapu River,1920
河川簡介,大豹溪,大豹溪位於新北市三峽區境內，是台灣危險河川之一。大豹溪屬淡水河水系，是大漢溪支流三峽河的上游，流域分布於三峽區南部，其源流為熊空溪。上游有滿月圓森林遊樂區、樂樂谷、鴛鴦谷等景點，是台灣河川與旅遊景點。大豹溪發源於江南腳山東南方約1.5公里之三峽區、烏來區邊境山區，先向西轉西南流至樂樂谷，匯集另一支流蚋仔溪後，始稱為大豹溪。大豹溪自此往西北流經有木、插角，至湊合與西南方流來之五寮溪會合後，改稱為三峽河。,Dabao River,1921
河川簡介,大崙溪,,Dalun River,1922
河川簡介,大湖口溪,北港溪水系支流,Dahukou River,1923
河川簡介,大湖溪,蘭陽溪水系支流,Dahu River,1924
河川簡介,大漢溪,淡水河水系支流,Dahan River,1925
河川簡介,大礁溪,蘭陽溪水系支流,Dajiao River,1926
河川簡介,小礁溪,蘭陽溪水系支流,Xiaojiao River,1927
河川簡介,山里溪,,Shanli River,1928
河川簡介,縣市管河川,縣(市)管河川指經濟部水利署依據河川管理辦法所公告之各縣市政府管轄之水系，臺灣共有92條水系屬於縣(市)管河川。,,1929
河川簡介,中央管河川,中央管河川是指經濟部水利署依河川管理辦法所公告由中央主管機關管轄之河川，依據2009年4月8日公告，共有中央管河川24水系。,River Administered by Central Government,1930
河川簡介,中平溪,,Zhongping River,1931
河川簡介,中野溪,,Zhongye River,1932
河川簡介,中港溪,中港溪的位置在新竹縣的頭前溪和苗栗縣的後龍溪之間，它的發源地在苗栗南庄的山區，源頭有兩處：第一發源自鹿場大山(又名樂山，標高海拔2618公尺)的鹿湖溪，第二發源自加里山(標高海拔高2220公尺)的風美溪。,Zhonggang River,1933
河川簡介,丹大溪,濁水溪水系支流,Danda River,1934
河川簡介,五十溪,蘭陽溪水系支流,Wushi River,1935
河川簡介,內茅埔溪,,Neimaopu River,1936
河川簡介,六重溪,急水溪水系支流,Liuzhong River,1937
河川簡介,天狗溪,,Tiangou River,1938
河川簡介,夫布爾溪,,Fubuer River,1939
河川簡介,太多蘭溪,,Taidoulan River,1940
河川簡介,木瓜溪,花蓮溪水系支流,Mugua River,1941
河川簡介,木坑溪,,Mukeng River,1942
河川簡介,水里溪,濁水溪水系支流,Shuili River,1943
河川簡介,水長流溪,,Shuichangliu River,1944
河川簡介,牛角灣溪,東港溪水系支流,Niujiowan River,1945
河川簡介,牛埔溪,,Niupu River,1946
河川簡介,牛稠埔坑溪,,Niuchoupukeng River,1947
河川簡介,牛稠埔溪,二仁溪水系支流,Niuchoupu River,1948
河川簡介,牛稠溪,朴子溪水系支流,Niuchou River,1949
河川簡介,仙草埔溪,,Xiancaopu River,1950
河川簡介,出水溪,,Chushui River,1951
河川簡介,加走寮溪,,Jiazouliao River,1952
河川簡介,加典溪,,Jiadian River,1953
河川簡介,加鹿溪,,Jialu River,1954
河川簡介,加蘭溪,,Jialan River,1955
河川簡介,加纳富溪,,Jianafu River,1956
河川簡介,北清水溪,,North Cingshuei River,1957
河川簡介,北港溪,發源地：北港溪發源於阿里山脈西麓丘陵地帶林內鄉七星稜(標高516公尺)，流域跨越雲林、嘉義二縣，北為新虎尾溪流域，南鄰朴子溪流域，東接濁水溪支流清水溪流域。分界點：北港溪原屬濁水溪四大入海分流之一，大正元年(西元1912年)內第1、2號堤防興建完成後，乃自成水系。北港溪是由雲林縣北港鎮的地名而來，上游是虎尾溪，從虎尾平和橋以下才稱為北港溪。,Beigang River,1958
河川簡介,北勢溪,,Beishi River,1959
河川簡介,北溝溪,,Beigou River,1960
河川簡介,卡社溪,,Kashe River,1961
河川簡介,四重溪,"四重溪流域位於台灣南端恆春半島，東以中央山脈為界·西臨台灣海峽·南鄰保力溪流域·北鄰楓港溪流域。四重溪發源於南部中央山脈西南側里龍山（標高1,062公尺）·上游幹流為汝仍溪·於茄芝路匯入牡丹溪·再於南石門及溫泉村分別匯入竹社溪及大梅溪·於車城西南方流入台灣海峽，全長31.91公里。",Sizhong River,1962
河川簡介,平林溪,,Pinglin River,1963
河川簡介,打狗溪,,Dagou River,1964
河川簡介,打馬溝溪,後龍溪支流,Damagou River,1965
河川簡介,永定溪,景美溪支流,Yongding River,1966
河川簡介,白水溪,,Baishui River,1967
河川簡介,白石溪,,Baishi River,1968
河川簡介,白樹腳溪,朴子溪水系支流,Baishujiao River,1969
河川簡介,石牛溪,北港溪水系支流,Shiniu River,1970
河川簡介,石仔坑溪,,Shizikeng River,1971
河川簡介,石榴班溪,,Shiliuban River,1972
河川簡介,石龜溪,北港溪水系支流,Shigui River,1973
河川簡介,石硦溪,,Shinong River,1974
河川簡介,光復溪,花蓮溪水系支流,Guangfu River,1975
河川簡介,安通溪,,Antong River,1976
河川簡介,安農溪,安農溪原名電火溪， 位於宜蘭縣三星鄉境內，為中央管河川蘭陽溪水系羅東溪重要支流，在羅東溪下游左岸柯子林堤防匯流入羅東溪，主流全長17.2公里，流域面積約55.9平方公里。其上游早在日據時代就興建了蘭陽水力發電廠，承接發電的尾水形成一條溪流，這就是電火溪的由來，也因此讓安農溪擁有源源不絕的潺潺流水、豐富多樣的自然生態以及優美蜿蜒的河岸景觀。,Annong River,1977
河川簡介,朴子溪,朴子溪位於嘉義縣境內，流經嘉南平原，在東石鄉附近注入台灣海峽。它的發源地在嘉義縣境內阿里山脈的西麓，在海拔1421公尺四天王山的「竿秦」，四天王山的水社寮車站和朴子溪是一個交會處。,Puzi River,1978
河川簡介,老田寮溪,後龍溪水系支流,Laotianliao River,1979
河川簡介,呂範溪,,Fufan River,1980
河川簡介,旱溪,旱溪是臺灣中部一條河川，屬於烏溪水系，為大里溪的支流，流域位於臺中市境內。旱溪之名乃因流量受雨水支配，在乾季時常呈乾涸狀態。,Han River,1981
河川簡介,沙河溪,後龍溪支流,Shahe River,1982
河川簡介,汶水溪,位於苗栗縣獅潭、泰安及大湖三鄉鎮境內，屬後龍溪之支流之一，主流全長約24.83公里，集水面積約105.52平方公里，全區均屬山地，河道平均坡降為1/23。,Wenshui River,1983
河川簡介,秀姑巒溪,"秀姑巒溪的主流發源於花蓮台東二縣交界之崙天山(標高2,360公尺)南麓。註：樂樂溪舊河川名稱為樂樂清水溪、豐坪溪舊河川名稱為太平溪、富源溪舊河川名稱為馬蘭(金勾)溪。",Xiuguluan River,1984
河川簡介,秀巒溪,,Xiuluan River,1985
河川簡介,赤蘭溪,八掌溪水系支流,Chilan River,1986
河川簡介,邦腹溪,荖濃溪支流,Bangfu River,1987
河川簡介,那菝林溪,鹽水溪支流,Nabalin River,1988
河川簡介,卓棍溪,濁水溪支流,Zhuogun River,1989
河川簡介,卓溪,秀姑巒溪水系支流,Zhuo River,1990
河川簡介,卑南溪,卑南溪水系位於台東縣境內，發源於中央山脈卑南主峰（標高3293公尺），為東部主要河川之一，東與海岸山脈分水嶺為界，西至中央山脈，與高屏溪流域分踞東西向，南鄰太平溪，北鄰池上鄉與秀姑巒溪流域為界；幹流於初來附近出谷擋於海岸山脈後順台東縱谷南下 ，至台東市北郊注入太平洋．本溪水系上有鹿野溪，鹿寮溪兩條主要支流。流域面積：1603.21平方公里流長：84.35公里,Beinan River,1991
河川簡介,和平溪,"發源地：和平溪的發源地在中央山脈南湖大山（標高3,742公尺）。分界點：和平溪位於台灣東北部是花蓮縣和宜蘭縣的界河，東瀕太平洋，西接大甲溪，南臨立霧溪，北與南澳  溪及蘭陽溪接壤。流域面積約561.6平方公里，總長約50.73公里，主要支流有和平南溪與和平北溪，流經南澳鄉與(花蓮縣)秀林鄉。",Heping River,1992
河川簡介,和社溪,陳有蘭溪支流,Heshe River,1993
河川簡介,官田溪,曾文溪水系支流,Guantian River,1994
河川簡介,宜蘭河,蘭陽溪水系支流,Yilan River,1995
河川簡介,拔仔岡溪,後龍溪支流,Bazigang River,1996
河川簡介,林邊溪,林邊溪是縣市管河川，全溪均於屏東縣境內，長42公里。 流域面積336.30平方公里，發源於南大武山西南麓，主流依序流經泰武鄉、來義鄉、新埤鄉、佳冬鄉、林邊鄉，在林邊鄉和佳冬鄉交界流入台灣海峽。主要支流為力力溪。,,2043
河川簡介,林口溪,林口溪位於新北市林口區，係屬縣管河川，其周邊河系有南崁溪、寶斗溪、瑞樹坑溪及紅水仙溪，皆由東南向西北流入大海。河川發源地: 中湖流域面積18.20平方公里幹流長度8.30公里平均坡降0.019,,2196
河川簡介,南崁溪,南崁溪流域位於台灣西北部桃園縣北境，為桃園縣重要之縣管河川，北以林口溪為界，南臨埔心溪。南崁溪流域高度均在標高225公尺以下，屬台地地形，並以南崁溪主流為界，北岸屬坪頂台地區域，大多為山坡地，坡降較陡；南岸則為中壢台地區，坡降較平緩，地形略呈扇形，大部分為農田及城鎮區，為桃園縣之精華地帶。河川發源地: 坪頂附近之牛角坡主要支流: 坑子溪水系、茄苳溪水系流域面積73平方公里幹流長度15公里平均坡降1/130,,2197
河川簡介,立霧溪,立霧溪（又名塔次基里溪）位於台灣東部花蓮縣境內，東濱太平洋，西接大甲溪，北臨和平溪，南與濁水溪、木瓜溪及三棧溪接壤。本溪發源於中央山脈合歡山與奇萊山後，順著脊樑山脈東斜坡往東南流，落差大、水流湍急，首先與西南來的托博闊溪相會，進入中游峽谷再與慈恩溪會合，流向東又在天祥附近巧遇瓦黑爾溪及大沙溪，在慈母橋納荖西溪，經太魯閣峽谷而東，在長春橋附近會合砂卡礑溪之後出海。上游蜿蜒於崇山峻嶺，中下游多斷崖峽谷，聞名中外之太魯閣峽谷位於期間，立霧溪水量豐沛，河川侵蝕旺盛，天祥以上支流多，下游支流少，水系呈現勺子狀，出太魯閣後形成沖積扇。 河川發源地 中央山脈合歡山與奇萊山 流域面積616平方公里 幹流長度55公里 平均坡降1/32,,2198
河川簡介,三棧溪,三棧溪位於花蓮縣新城鄉及秀林鄉，流域貫穿秀林鄉之山區，位於太魯閣國家公園東部。本流域東鄰太平洋，南以加禮宛山、嵐山及七腳川山與美崙溪流域為界；西以榮山及怕托魯山與木瓜溪流域為界；北以新城山、塔山及豬股山與立霧溪流域為界。三棧南溪河流略成東北走向，經景美村至三棧國小附近與三棧北溪合流後，繼往下游約2公里處於新城鄉順安村及康樂村交接處流入太平洋。 河川發源地 秀林鄉富世村之怕托魯山嶺 主要支流 三棧南溪、三棧北溪、三棧溪支流（無名溪） 流域面積120.87平方公里 幹流長度27公里,,2199
河川簡介,美崙溪,美崙溪舊稱硰婆礑溪，位於台灣東部花蓮縣境內，發源於花蓮市西北中央山脈的七腳川山，自上游山澗出谷後，匯合嵐山溪，朝東南至水源大橋附近，再轉向東流，匯合八堵毛溪後，貫穿北迴鐵路於新城鄉嘉新村與須美基溪匯合後，陸續匯入國強、豐村、進豐等排水，蜿蜒大半個花蓮市於花蓮港南端注入太平洋。 河川發源地 中央山脈七腳川山 流域面積76.4平方公里幹流長度15.8公里平均坡降1/62,,2200
河川簡介,愛河,高雄市境內最具代表性的一條河川，它原本是條野溪，發源於半屏山的仁武鄉，由東向西穿越高雄市，流域涵蓋市區面積高達四成，最後注入潟湖高雄港。,,2261
河川簡介,柳川,原名大邱溪的柳川源於豐原市街區南方，流經潭子鄉再入台中市北屯區。至接近進化路入北區，繞過寶覺寺後方，環流五權國中後過五權路與中華路進入中區，順著柳川東西街流至民權路進入西區，越過林森路與南屯路進入南區。最後柳川穿過鐵路與復興路，至縣市界處入台中市烏日區入注旱溪。這樣一條自北而南貫穿台中市中心的河流，有其歷史發展的必然。,,2355
河川簡介,萊茵河,"萊茵河是一條歐洲國際河流，發源於瑞士格勞賓登州的阿爾卑斯山區，流經列支敦斯登、奧地利、德國和法國，最終於荷蘭流入北海。萊茵河全長約1,232公里，通航區段為883公里，流域面積約17萬平方公里。萊茵河是歐洲第四名長的河流，同時也是世界上繁忙的流域之一。萊茵河三角洲由於交通便利，形成了許多歐洲早期的商業城市，例如布魯日、安特衛普與鹿特丹等。在歷史上，萊茵河與多瑙河共同構成羅馬帝國北界，擔任貿易交通的用途。萊茵河沿岸有許多葡萄園，也有許多古堡和田園村鎮。從美因茲到科布倫茨的萊茵河段風景優美，沒有架設任何橋樑，全靠擺渡過河，目的是為了保存該河段的自然風貌。",Rhine river,3419
河川簡介,多瑙河,多瑙河是歐洲第二大河，次於俄羅斯的窩瓦河，也是歐洲極為重要的國際河道，全長2857公里，流域面積81.7萬平方公里，平均流量為6500立方公尺/秒。發源於德國黑森林地區，流經德國、奧地利、斯洛伐克、匈牙利、克羅埃西亞、塞爾維亞、羅馬尼亞、保加利亞、摩爾多瓦和烏克蘭等10個中歐及東歐國家，是世界上流經國家最多的河流，最後從多瑙河三角洲注入黑海。多瑙河流域範圍還包括波蘭、瑞士、義大利、捷克、斯洛維尼亞、波士尼亞與赫塞哥維納、蒙特內哥羅、馬其頓共和國、阿爾巴尼亞等9個國家，有大小300多條支流。,Danube river,3420
河川簡介,隆河,隆河是歐洲主要河流之一。隆河源於瑞士瓦萊州海拔1753公尺的聖哥達峰隆冰川的融化。在馬蒂尼附近，隆河水流變急，並成為一條向西南方向流過冰川峽谷的大河。其後，隆河向西北流出阿爾卑斯山脈並投入日內瓦湖。日內瓦湖以平均每秒570立方公尺的速度向法國境內輸出水流。通過彎彎曲曲的河道流到里昂，並在那裡與索恩河匯合之後，隆河繼續向南流，穿過阿爾卑斯山和中央高原之間的平原地帶。在阿爾勒，隆河分為大隆河和小隆河兩支，並形成卡馬爾格三角洲，投入地中海。,Rhône river,3421
河川簡介,迪朗斯河,"迪朗斯河是法國的河流，位於該國東南部，河道全長324公里，流域面積14,225平方公里，平均流量每秒188立方公尺，發源自蒙特熱內夫爾，河口處在亞維農附近。",Durance river,3422
河川簡介,阿爾代什河,阿爾代什河位於法國中南部，發源於法國中央高原阿斯特附近，最終在蓬聖埃斯普里附近注入羅訥河，全長120公里。,Ardèche river,3423
河川簡介,阿爾沃河,阿爾沃河是羅納河的支流，發源於法國上薩瓦省的勃朗峰山地，在瑞士日內瓦注入羅納河。沿途經過的城鎮有：法國夏慕尼、薩朗什（Sallanches）、克呂茲（Cluses）、阿納馬斯和瑞士日內瓦。,Arve river,3424
河川簡介,阿勒河,阿勒河為瑞士中北部的河流，發源於伯爾尼州阿爾卑斯山區，流程約295公里，落差為1565公尺，流域面積為17620平方公里，在瑞士與德國的邊境匯入萊茵河。,Aare river,3425
河川簡介,因河,因河是流經瑞士、奧地利和德國的一條河，它是多瑙河的支流，全長517公里。因河發源於瑞士阿爾卑斯山，朝著東北方向流入奧地利，過了蒂羅爾州及其首府因斯布魯克後又折向東，沿著庫夫施泰因區和德國巴伐利亞的邊界繼續向前流淌。在巴伐利亞境內，因河折向北方，在流經羅森海姆、因河畔瓦瑟堡和瓦爾德克賴堡後又轉向東方，繼續流經公尺爾多夫和諾伊厄廷格後，兩條支流---薩爾察河和阿爾茨河注入，因河流量變大。然後，直到注入多瑙河，因河就成為了德國（巴伐利亞）和奧地利（上奧地利州）的分界線。這時流經的城市有因河畔辛巴赫、因河畔布勞瑙和謝爾丁。最終，因河在帕紹注入多瑙河。 因河因為沖刷了上游的礦物質，因此呈碧綠色。,Inn river,3426
河川簡介,利馬特河,利馬特河是瑞士境內的一條河流。利馬特河從蘇黎世湖北端引出，然後流經蘇黎世市中心，再向西北方流35公里，最後注入阿勒河（Aare），利馬特河口位於小鎮Brugg的北面，離羅伊斯河(Reuss)河口不遠處。利馬特河(Limmat)的名字起源於舊有蘇黎世湖的兩條支流連特河(Linth)和馬克河(Maag)，該兩條河道在十九世紀初進行過治理工程，合併為現在的利馬特河。利馬特河主要的支流有西爾河(Sihl)及雷比舒河(Reppisch)。利馬特河流經的主要城鎮除了蘇黎世之外，還有Dietikon、Wettingen及Baden等市鎮。利馬特河像其他瑞士境內的河流一樣被善用作水力發電，雖然只有35公里長，但已建了十多座水力發電站。,Limmat river,3427
河川簡介,羅伊斯河,羅伊斯河是瑞士境內的主要河流之一，長度為158公里，集水區達3425平方公里。羅伊斯河發源於阿爾卑斯山區，流過聖哥達山口，於烏里州流入琉森湖直至在琉森市流出，然後與利馬特河在布魯克（Brugg）滙流於阿勒河，最後河水流入萊茵河經過德國注入北海。,,3428
河川簡介,羅伊斯河,羅伊斯河是瑞士境內的主要河流之一，長度為158公里，集水區達3425平方公里。羅伊斯河發源於阿爾卑斯山區，流過聖哥達山口，於烏里州流入琉森湖直至在琉森市流出，然後與利馬特河在布魯克滙流於阿勒河，最後河水流入萊茵河經過德國注入北海。羅伊斯河流過琉森的地標卡貝爾橋及聖哥達山口的托伊福斯橋。,Reuss River,3557
河川簡介,貝加爾湖,"貝加爾湖，位於俄羅斯西伯利亞伊爾庫茨克州及布里亞特共和國境內，距離蒙古國邊界111公里。貝加爾湖為大陸裂谷湖，呈新月形，湖泊位於盆地地形中，周圍有山脈及丘陵環繞，湖泊南北長680公里，東西寬40至50公里，湖水面積31,494平方公里，是亞洲第一大淡水湖，也是世界第七大湖。貝加爾湖屬於斷層湖，沿岸地震頻繁、多溫泉，流域面積560,000平方公里，有多達336條河流注入，其中最大的河為色楞格河。貝加爾湖是世界最深的湖泊，也是世界最古老的湖泊，據研究，它已經在地球上存在超過2500萬年。有逾1,700種動物及植物棲息其中，而且2/3為特有種，聯合國教科文組織於1996年將貝加爾湖登錄為世界遺產。",Lake Baikal,3558
河川簡介,裡海,"裡海屬於內流湖，位於亞洲與歐洲交界，是世界上面積最大的內流湖封閉內陸水體，同時也是世界上最大的湖泊以及內陸海。裡海的面積有37.1萬平方公里，體積為7.82萬立方公里，最深處有1,025公尺，平均深度為187公尺。裡海也是鹹水湖、海跡湖。裡海的鹽度大約為1.2%，為平均海水鹽度的三分之一。",Caspian Sea,3560
河川簡介,維多利亞湖,"維多利亞湖，是非洲最大的淡水湖和世界第二大淡水湖，面積68,870平方公里，也是世界上最大的熱帶淡水湖。維多利亞湖共有2760立方公里的淡水量，排名世界第七。維多利亞湖的水源主要來自直接降雨及數千條的小溪流。維多利亞湖位於東非大裂谷區，由非洲三國：肯尼亞、坦尚尼亞和烏干達所擁有。維多利亞湖湖域呈不規則四邊形，南北最長有337公里，東西最寬有240公里，整個湖岸線長約有3220公里，海拔1134公尺，平均水深40公尺，為非洲最大的內陸漁場。維多利亞湖水位不深，河流的進水量有限，而且相較其體積而言，其表面積較大，都使維多利亞湖很容易受到氣候變化的影響。",Lake Victoria,3561
河川簡介,卡蓋拉河,卡蓋拉河，是東非的河流，發源自蒲隆地，每年注入維多利亞湖的河水量約640萬立方公尺，是該湖最大的湖水來源。,Kagera River,3562
河川簡介,坦干依喀湖,"坦干依喀湖，是非洲中部的淡水湖。是世界第二古老的湖，地質學家研究在100萬年前形成，最深處1,470公尺，是世界第二深的湖。面積32,900平方公里，是世界第六大湖。坦干依喀湖位於東非大裂谷區西部的艾伯丁裂谷，周圍被山脈環繞，屬於斷層湖。是非洲最大的裂谷湖，也是世界水量第二大的湖和非洲最深的湖。坦干依喀湖的淺水約佔世界可用淡水的18%。坦干依喀湖南北長約679公里，寬度平均是50公里，面積為32,900平方公里，包括了1,828公里的湖岸線，平均深度570公尺，最深度位於坦干依喀湖的北部，為1,470公尺，水量約有18,900立方公里。其表面溫度約為25度，pH平均值為8.4。坦干依喀湖中的生物種類相當豐富，生物學家甚至認為世界上80%的魚類都曾出現在這個湖中。由於坦干依喀湖的深度及其位於熱帶的地理位置，因此其中的水不容易進行上下層的對流，湖中深度較深的水稱為化石水，屬於缺氧水域。由於坦干依喀湖高海拔、深度深、河水填充的速度慢、位在火山地區，其流量變化的歷史相當複雜。坦干依喀湖以往很少有水流可以流到海中，實務上可稱為內流盆地。",Lake Tanganyika,3563
河川簡介,魯濟濟河,"魯濟濟河，是一條非洲中部的河流，由基伏湖流至坦干伊喀湖。魯濟濟河由海拔高度1,500公尺處下降至約770公尺處。在魯濟濟河的南端終點，形成了魯濟濟沖積平原，地形起伏非常平緩。在流入坦干伊喀湖前，魯濟濟河形成了一個三角洲。魯濟濟一號水力發電廠建築於1958年，位在魯濟濟河由基伏湖流出處，影響了基伏湖的水位及水的流出。接著，在1989年，魯濟濟二號水力發電廠完工。但是這兩座發電廠所產生的電力仍不能滿足鄰近區域的需求量，所以目前魯濟濟三號水力發電廠正在計劃中。",Ruzizi river,3564
河川簡介,基伏湖,"基伏湖，是中部非洲最高的湖泊，也是非洲的大湖之一。它位於剛果民主共和國與盧安達的邊界上，處於東非大裂谷中，艾伯丁裂谷的西部。基伏湖的水注入魯濟濟河，再向南流入坦干伊喀湖。基伏湖的表面積約為2,700平方公里，海拔高度約1,460公尺。平均深度為220公尺，最深達475公尺。湖床坐落在東非大裂谷上，地質活動使湖兩邊的板塊拉開，造成這個地區的火山活動。基伏湖是目前僅知的三個會湖泊噴發的湖泊。科學家對基伏湖的地質歷史進行分析，發現基伏湖畔有週期性的生物大絕滅，週期約每1,000年一次。基伏湖噴發的原因目前不明，但最有可能的因素是週期性的火山活動。基伏湖的湖水中溶解了甲烷及二氧化碳，且湖底有火山作用。科學家假設，一旦火山作用加熱底部的高氣體濃度湖水，會迫使大量甲烷溢出，且有可能會造成甲烷爆炸，這個爆炸會同時促使湖水釋放出大量的二氧化碳，接著，二氧化碳會使大部分在基伏湖周圍低地生活的人窒息而死。也有科學家認為，當甲烷爆炸時，會在湖中造成「海嘯」。",Lake Kivu,3565
河川簡介,蘇必略湖,"蘇必利爾湖，是北美洲五大湖中最大的一座。蘇必略湖是世界上面積第2大的湖泊，也是世界上面積最大的淡水湖；以蓄水量而言，是世界上第4大的湖泊。蘇必略湖的面積為82,414平方公里。最大長度是563公里，最大寬度為257公里。平均深度是147公尺，最大深度則是406公尺 ，湖岸線4,835公里。蘇必略湖的蓄水量是12,100立方公里，以蓄水量而言，是世界上第4大的湖泊，也是世界第3大的淡水湖。每年的暴風雨會造成蘇必略湖波浪高度經常超過6公尺，曾經有9公尺高的波浪紀錄。總共有超過200條河流流入蘇必略湖。因為河流坡度大，所以需要大湖航道中的蘇水閘運河來幫助船隻從蘇必略湖移動到海拔相差7.6公尺的鄰近湖泊。因為蘇必略湖的大小規模影響，所以鄰近地區為局部的海洋性氣候，湖面對於溫度的改變產生緩和的效果，幫助舒緩夏季與冬季時鄰近地區的空氣溫度，而且在比較寒冷的月分會產生湖泊效應而降雪。蘇必略湖附近的山丘與山脈常保持空氣中的溼氣與霧氣，特別是在秋季時分。",Lake Superior,3566
河川簡介,密西根湖,"密西根湖，是北美洲五大湖之一，是五大湖之中唯一一個完全位於美國境內的湖泊。密西根湖面積爲58,016平方公里，是世界上第5大湖泊。密西根湖長494公里，寬190公里，湖岸線爲2,633公里長。密西根湖平均深度爲85公尺，最大深度則是281公尺，總蓄水量爲4,918立方公里。湖面海拔平均高度爲176公尺。密西根湖的西岸與東岸的北端是岩石構成的，而南岸與東岸的大部分地區則是由沙灘與沙丘所組成。部分的原因是風勢主要是從西向東方吹拂，也導致東岸在冬季時將會累積濃重的一層降雪。",Lake Michigan,3571
河川簡介,大熊湖,"大熊湖，位於加拿大西北地區，是加拿大境內第一大湖，也是北美第四大湖和世界第八大湖。湖面面積31,153平方公里，總水量為2,236立方公里，平均深度是71.7公尺，最深處達446公尺。湖岸線長達2,719公里，集水區總面積有114,717平方公里。大熊湖的結冰期為每年11月至7月，湖水從大熊河流入馬更些河。",Great Bear Lake,3573
河川簡介,馬拉威湖,"馬拉威湖，非洲南部大湖，位於東非大裂谷的最南端。馬拉威、坦尚尼亞和莫三比克三國環繞該湖。馬拉威湖長560公里~580公里，最寬處約75公里。水域面積29,600平方公里。最大流入河為魯胡胡河，流出河為希雷河，該河是贊比西河的大支流。",Lake Malawi,3574
河川簡介,尚比西河,尚比西河，是非洲第四長的河流，也是從非洲大陸流入印度洋的最長河流。尚比西河是非洲南部的大河，源於尚比亞西北部，距剛果河的源頭約1公里；河流上游有一部分經過安哥拉，但大部分位於尚比亞境內海拔約1000公尺的巴羅茨高原，經過納公尺比亞及波札那的邊境後，到達長130多公里的巴托卡峽谷時形成了著名的維多利亞瀑布，然後沿尚比亞與辛巴威的邊境線衝過卡里巴峽谷進入莫三比克境內的平原，水流開始趨緩，成為非洲東南部主要的航運河道，最後在欣代附近注入莫三比克海峽。尚比西河全長2574公里，流域面積139萬平方公里，年均流量1.6萬立方公尺/秒，幹流河道中共有72處瀑布，河流水力的總蘊藏量約1.37億千瓦。,Zambezi River,3575
河川簡介,大奴湖,大奴湖，是加拿大第二大湖。面積2.86 萬平方公里，最大深度614公尺，蓄水量 2.088萬億立方公尺。上承奴河，下注馬更些河，凍期長，東北岸耶洛奈夫為加拿大西北地區首府。,Great Slave Lake,3576
河川簡介,馬更些河,"馬更些河，是一條北美洲的河流，也是北美洲第二大水系。馬更些河發源於加拿大西北地區的大奴湖，將支流芬利河與皮斯河計算在內的話，馬更些河也是加拿大境內最長的河流（總長1,738公里）。馬更些河流域面積為1,805,200平方公里，每秒的流量為10,700立方公尺。每年船隻可航行時間約為5個月，河流從10月開始結冰，隔年5月解凍。馬更些河一年大約有5個月的時間適合船隻行駛。河流會在10月份凍結，河上的冰直到隔年5月份才會融解。在冬季，部分河道會被當作冰路。整條河流在無冰期間皆可通航。馬更些河盆地和育空河盆地之間的分野形成了西北地區與育空地區的邊界。",Mackenzie River,3577
河川簡介,育空河,"育空河，是北美洲主要的水系之一，發源於加拿大的育空地區。育空河長3,700公里，並由發源地向北流於育空－庫斯科奎姆沖積扇注入白令海。育空河平均流量為6,430立方公尺/秒，流域面積為832,700平方公里。育空河是阿拉斯加州或育空地區最長的河流，所以它也是1896年至1903年間的克朗代克淘金潮主要的運輸途徑，而河輪直到1950年代還繼續往返於育空河上，後來才被克朗代克高速公路所取代。",Yukon River,3578
河川簡介,伊利湖,"伊利湖，是北美洲五大湖之一，也是世界第十三大湖。伊利湖的面積有24,000平方公里，平均深度19公尺，蓄水量483立方公里。底特律河將休倫湖水導向這裡，而尼加拉河經尼加拉瀑布將湖水引入安大略湖。湖的南岸是美國的俄亥俄州、賓夕法尼亞州和紐約州，西岸是密西根州，北岸是加拿大的安大略省。",Lake Erie,3579
河川簡介,底特律河,底特律河，位於北美中部五大湖地區，連接聖克萊爾湖和伊利湖，全長51公里。,Detroit River,3580
河川簡介,溫尼伯湖,"溫尼伯湖，是北美洲中部的大型湖泊，面積為24,400平方公里，位於加拿大的曼尼托巴省溫尼伯市以北約55公里，是加拿大南部邊界最大的湖泊，也是加拿大南部未發展的原始水系一部分。溫尼伯湖是加拿大第五大淡水湖，也是地球上第十二大淡水湖，但相對水深較淺，除了一條貫通南北流域、水深約60公尺的狹窄水道外，平均深度只為12公尺。湖泊呈窄長形，南北相距416公里，部分區域有沙灘、大型石灰岩懸崖和很多蝙蝠洞穴。曼尼托巴水電局將溫尼伯湖作為世界最大的水庫之一。湖中有不少未開發的島嶼，而獨特的地質也使該湖有潛質發展加拿大南部和緬尼托巴省的首個生態旅遊區域。溫尼伯湖的集水區面積約984,200平方公里。溫尼伯湖以平均年逕流量2066立方公尺/秒向北流入納爾遜河。",Lake Winnipeg,3585
河川簡介,薩斯喀徹溫河,薩斯喀徹溫河，位於加拿大西南部，由北薩斯喀徹溫河和南薩斯喀徹溫河在艾伯特王子城以東約40公里處匯合而成，向東流經薩斯喀徹溫省和馬尼托巴省，最終注入溫尼伯湖，全長約為550公里。,Saskatchewan River,3586
河川簡介,紅河,紅河，為中國、越南跨境水系，也是越南北部最大河流；由於流域多紅色沙頁岩地層，水呈紅色，故稱「紅河」。紅河呈西北-東南流向，全長1280公里。在中國境內有幹流紅河（元江）及其最大支流李仙江（把邊江），二江在越南境內越池匯合，之後經越南首都河內及北部灣入南海。,Red River,3587
河川簡介,曼尼托巴湖,"曼尼托巴湖，位於北美洲加拿大的曼尼托巴省境內，是加拿大第十三大湖（4,624平方公里）。呈不規則形狀的曼尼托巴湖長約200公里，由史前時代阿加西湖變化而成，湖中有一個大島嶼及少數較小的島嶼。湖水從西北面的溫尼伯戈西斯湖經流入，再經東北面的流出至溫尼伯湖。曼尼托巴湖曾是歐洲人前往哈德遜灣進行皮草貿易的必經之地。",Lake Manitoba,3588
河川簡介,安大略湖,"安大略湖，北鄰加拿大安大略省，南毗尼加拉半島和美國紐約州，是北美洲五大湖之一。安大略湖是五大湖中面積最小的（約1.95萬平方公里），但是蓄水量超過伊利湖（1,639立方公里），是世界第十四大湖，湖岸線長1,162公里。最深處有244公尺。最大的流入河流是尼加拉河，最大的流出河流是聖勞倫斯河；同伊利湖還有威蘭運河相連。",Lake Ontario,3589
河川簡介,尼加拉河,尼加拉河，位於北美洲五大湖區，自伊利湖流向安大略湖，是連接兩大湖的通道。尼加拉河全長56公里，上游海拔174公尺，下游海拔75公尺，水量非常豐富，在山羊島形成著名的尼加拉瀑布。尼加拉河是美國紐約州與加拿大安大略省的邊界。,Niagara River,3590
河川簡介,尼皮貢湖,尼皮貢湖，位於加拿大安大略省中西部，桑德貝東北130公里。湖泊長110公里，寬80公里，面積4848平方公里。最深深度165公尺。湖岸線曲折，多島嶼和湖灣。湖水經由尼皮貢河向南注入蘇必略湖的尼皮貢灣。,Lake Nipigon,3591
河川簡介,尼皮辛湖,"尼皮辛湖，是加拿大的湖泊，由安大略省負責管轄，長65公里、寬25公里，面積873平方公里，集水區面積12,173平方公里，海拔高度196公尺，平均水深4.5公尺，最大水深52公尺，蓄水量3.8立方公里。",Lake Nipissing,3593
河川簡介,聖克萊爾湖,"聖克萊爾湖，是北美洲的湖泊，位於加拿大安大略省和美國密西根州之間接壤的邊境，長42公里，寬39公里，面積1,114平方公里，海拔高度175公尺，平均水深3.4公尺，最大水深8.2公尺，蓄水量3.4立方公里，湖岸線長度272公里。",Lake St. Clair,3594
河川簡介,錫姆科湖,錫姆科湖，加拿大安大略省南部湖泊，湖面佔2840平方公里。它是該省第十二大湖泊，湖面在冬天完全結冰。,Lake Simcoe,3595
河川簡介,溫納貝戈湖,溫納貝戈湖，是位於美國威斯康星州東部的一個淡水湖，面積557平方公里，是威斯康星州面積最大的湖泊。溫納貝戈湖南北長48公里、寬16公里、湖岸周長142公里、平均水深4.7公尺、最深水深6.4公尺。西岸有眾多暗礁及數座島嶼，東岸則較為陡峭。,Lake Winnebago,3596
河川簡介,聖羅倫斯河,"聖羅倫斯河，是北美的一條河流。位於加拿大和美國境內。起源於安大略湖，流經蒙特婁、魁北克市，在加斯佩地區注入大西洋的聖羅倫斯灣。聖羅倫斯河全長3056公里。聖羅倫斯河水量充沛，水質含泥沙量較少,支流有渥太華河，沙陀格威河，黎塞留河和薩貴內河，佛蒙特州的尚普蘭湖也是它的分支水系。聖羅倫斯水系同五大湖一起構成了世界上最大的淡水水系。聖羅倫斯河是五大湖水繫到大西洋的通路，具有重要的地位。河流兩岸集中了魁北克80%的人口和幾乎所有的工業。",Saint Lawrence River,3597
河川簡介,巴爾喀什湖,"巴爾喀什湖，是位於中亞哈薩克斯坦共和國東部的一個內流湖，歷史上曾是中國（清）與俄國的界湖。巴爾喀什湖面積16,996平方公里，是世界上第十三大湖泊，東西長而南北窄，東西長約605公里，南北寬約8至70公里，湖的中部有一個半島，而半島以北的湖峽只寬約3500公尺，略略把湖分成東西兩部分。巴爾喀什湖流域流入七條河流，伊犁河是其中主要的一條，流域內多數河岸帶由其形成。其它河流如卡拉塔爾河則形成地下逕流。伊犁河的河水主要靠中國新疆的降水（春季的大量雪山融水）補給。就像鹹海一樣，巴爾喀什湖也因為其流入的河流修建了分水水渠，流入的水量減少而漸漸萎縮。",Lake Balkhash,3598
河川簡介,伊犁河,伊犁河，是中國水量最大的內陸河，也是新疆水量最豐富的河流。伊犁河主源特克斯河發源於汗騰格里峰北側，由西向東流，在東經82°左右折向北流，穿過喀德明山脈，和鞏乃斯河匯合，又折向西流，在伊寧和喀什河匯合，穿越國境，進入哈薩克斯坦，最終進入巴爾喀什湖。伊犁河上游穿越一系列山地和谷地，這個區域年降水量達到700毫公尺，春季還有高山融雪水進入，因此水量豐富，年逕流量為118億立方公尺。過了伊寧後，進入河谷平原，河床變寬，多沙洲島嶼，水流分叉。伊犁河流域氣溫比新疆其他地區高，幹流封凍只有60天左右，由於上游主要是岩石高山，因此含沙量也少，年平均為0.2-0.5千克/立方公尺。伊犁河流域因為雨水豐沛，農業幾乎不需要灌溉。下游在5-10月間可通航吃水量為200噸左右的船隻。,Ili River,3599
河川簡介,鞏乃斯河,鞏乃斯河是伊犁河的支流之一。發源於 那拉提山。鞏乃斯河在喀德明山附近與特克斯河匯合，其後再和喀什河匯合，進入哈薩克斯坦，最終流入巴爾喀什湖，全長230公里。,Kunges,3600
河川簡介,塔里木河,塔里木河，為中國最大、世界第五大內流河，中國境內最長的內流河。主源為葉爾羌河，發源於喀喇崑崙山特力木坎力峰東南麓。源流分三支即葉爾羌河、阿克蘇河與和田河，三河於阿瓦提縣的肖夾克附近匯合，肖夾克至台特瑪湖段稱塔里木河。按照主源葉爾羌河計算，全長2030公里，流域面積43.55萬平方公里，其中中國境內流域面積41.48萬平方公里。幹流沿盆地北部邊緣由西向東蜿蜒於北緯41度，到東經87度以東折向東南，穿過塔克拉瑪干沙漠東部，最後注入台特瑪湖。塔里木河原流向羅布泊，後河流改道；近年來下游很多地區水量已經很少。塔河水含沙量很高，航道改變也很大。塔河幹流兩岸並不產水，其水源完全來自發源於四周山區的各支流。水量因季節差異而變化很大，每當進入酷熱夏季，積雪及冰川融化使得水量驟然增高，冬季則水量減小。塔里木河經常改道，河道含沙量大，沖淤變化頻繁，中游地區形成南北寬達千百公尺的沖積平原。由於源流區和幹流上中游的用水不斷增加，下游的下段（阿拉干至台特馬湖）已成一片沙漠，台特馬湖季節性乾涸；中段（鐵干里克至阿拉干），植被衰敗，沙化嚴重；上段（卡拉至鐵干里克）為生產建設兵團農二師的5個團場，依靠攔截塔河的大閘，將塔河來水全部引入平原水庫，又從孔雀河修渠引水接濟，才得勉強維持，即使這樣，水源仍不能得到保證，而且受下游地區的沙化威脅，生態環境日益惡化。,Tarim River,3601
河川簡介,台特瑪湖,台特瑪湖，位於中國新疆維吾爾自治區塔里木盆地東南部、若羌縣北部，是塔里木河和車爾臣河的尾閭湖，與喀拉庫順湖、羅布泊同為羅布泊地區三大窪地。歷史上台特瑪湖面積最大時達150平方公里，湖水最大容積2億立方公尺。1972年以來，隨著塔里木河下游大西海子水庫的蓄水，塔里木河下游大西海子水庫以下363公里長的河道長期斷流，而車爾臣河只有在特大洪水時才可能有洪水流入台特瑪湖，至1974年台特瑪湖完全乾涸。自2001年，隨著塔里木河流域近期綜合治理工程的開展，塔里木河、博斯騰湖多次向塔里木河下游輸水，加上崑崙山水系的車爾臣河、若羌河和公尺蘭河正值盛水期，台特瑪湖得到迅速恢復，塔里木河下游兩岸瀕臨死亡的植被恢復了生機。2002年台特瑪湖最大水面面積曾經達到約213平方公里。2006年以來博斯騰湖水位下降，巴音郭楞蒙古自治州用水也開始緊張，從孔雀河調水越來越困難，使得台特瑪湖只能夠季節性的維持一定的水面，2007年目測為10平方公里左右。2008年，因持續乾旱影響，塔里木河來水量大減，又重新回到以前的乾涸狀態。自2010年起，發源於崑崙山區的車爾臣河來水量較大，加之周邊地區強降雨以及若羌河上游泄洪等因素影響，台特瑪湖在2008年乾涸後又重現碧波，水面面積也基本穩定在300平方公里左右。目前台特瑪湖現有水源主要來自車爾臣河的補給。,,3602
河川簡介,博斯騰湖,博斯騰湖，位於中國新疆維吾爾自治區巴音郭楞蒙古自治州博湖縣天山南坡焉耆盆地的東南部，塔里木盆地北緣，是中國最大的內陸淡水湖。湖面海拔1048公尺，平均深度9公尺，最深處17公尺。,Bosten Lake,3603
河川簡介,車爾臣河,車爾臣河，位於中國新疆巴音郭楞蒙古自治州，全長468公里，年均逕流量達8億立方公尺，是塔里木盆地東南部逕流量最大的河流，是塔里木河水系「九源一干」之一。車爾臣河發源於崑崙山北坡的木孜塔格峰，上游匯集崑崙山、阿爾金山諸冰川支流，山區段長約353km，山區集水面積24692平方公里，該河70%左右的水量靠海拔5000m以上現代冰川的冰雪融水直接補給，由於高山冰川的調節作用，年逕流量比較穩定，但季節變化很大。山區平均河底坡1．5%，蘊藏著豐富的水力資源。山口年逕流量為7.84億立方公尺。山口以下約30km的巴什克其克電站年逕流量為6.98億立方公尺。且末水文站合成年逕流量為5.139億立方公尺。中游由南至北貫穿且末、若羌兩縣。下游從西南方向注入尾閭台特瑪湖。歷史上每年有2億立方公尺的水通過台特瑪湖注入羅布泊，70年代以來，車爾臣河僅在洪水季節才有水流入台特瑪湖。且末縣和若羌兩縣每年從車爾臣河的引水量只有3億立方公尺。車爾臣河縱坡度達7‰，導致河水流速較快。洪水季節給且末縣的威脅嚴重。2004年以來，車爾臣河流域14萬畝人工蘆葦濕地得到全面發展。2007年5月26日，新疆巴音郭楞蒙古自治州車爾臣河流域管理處正式掛牌成立。作為州水利部門的派出機構，依法行使流域管理職責。,Qiemo River,3604
河川簡介,鹹海,"鹹海，是中亞的一個內流鹹水湖，位於哈薩克斯坦共和國和烏茲別克斯坦共和國的交界處。「鹹海」意為「島之海」，得名於曾分布於其中的超過1,100個島嶼。水源主要來自阿姆河和錫爾河。鹹海曾以68,000平方公里的面積名列世界第四大湖，但1960年代以後，由於蘇聯的引水灌溉工程，鹹海的面積不斷地萎縮。至2007年，鹹海的面積已萎縮至原面積的10%，並分裂為四個湖。",Aral Sea,3605
河川簡介,阿姆河,阿姆河，是中亞最長的河流。源頭瓦罕河出自帕公尺爾高原東南部和興都庫什山脈海拔的4900公尺的山嶽冰川，西流匯合源出帕公尺爾高原的帕公尺爾河，稱噴赤河，再曲折西流，匯合瓦赫什河後稱阿姆河，向西北流入鹹海。流經塔吉克、阿富汗、烏茲別克、土庫曼四個國家。阿姆河長1415公里；從源頭起算，全長2540公里，流域南北寬960公里，東西長1400公里，面積46.5萬平方公里。靠高山冰川和融雪補給，每年有春、夏兩次汛期。河水含沙量多，水力資源豐富，有灌溉之利，建有多處水電站和水庫。從河口到查爾朱可通航。,Amu Darya,3606
河川簡介,瓦赫什河,"瓦赫什河，是中亞的阿姆河的支流，發源自吉爾吉斯斯坦南部阿賴谷地南側的外阿賴山脈達烏穆魯克山，流經塔吉克斯坦。河道全長786公里，流域面積39,100平方公里，其中塔吉克斯坦境內31,200 km2 (79.8%)。平均流量538 m3/s，年逕流量20.2 km3。逕流主要由融雪和冰川補給，5～9月的逕流量占全年逕流量的77%。 冬季流量僅150m3/s，夏季達到1500m3/s。流經帕公尺爾高原，形成深谷急流。地球上非極區最長的費德先科冰川與阿布拉莫夫冰川匯入該河。流出山區後，該河下游150km流過塔吉克斯坦西南肥沃的低地平原，最終匯入噴赤河成為阿姆河。占阿姆河流量的25%。 下游的虎谷自然保護區是裏海虎滅絕前的最後棲息地。",Vakhsh River,3607
河川簡介,噴赤河,"噴赤河，河長約1,125公里。噴赤河通過塔吉克之戈爾諾－巴達赫尚自治州首府霍羅格市後，成為莫加布河的主要支流，並向南西部流動與瓦赫什河及帕公尺爾河匯流成中亞最大的河流阿姆河。噴赤河曾在80年代蘇聯入侵阿富汗時扮演一個非常重要戰略河流的角色。",Panj River,3608
河川簡介,錫爾河,錫爾河，中、下游流經沙漠地區，是中亞著名內流河。錫爾河發源於天山山脈，分兩源，右源納倫河和左源卡拉達里亞河，納倫河為正源，發源於吉爾吉斯斯坦。兩河在納曼干附近匯合後向西流入費爾干納谷地，在塔吉克斯坦苦盞出谷，流至別卡巴德後轉而向西北，流經烏茲別克斯坦和哈薩克斯坦後，注入鹹海。全長2212公里，流域面積21.9萬平方公里，河口多年平均流量1060立方公尺/秒，年均逕流量336億立方公尺。,Syr Darya,3609
河川簡介,拉多加湖,"拉多加湖，是位於俄羅斯西北部卡累利阿共和國和列寧格勒州的淡水湖，也是歐洲最大的湖泊和世界第15大湖泊。湖泊面積為17,700平方公里（不計島嶼），南北兩岸相距219公里，平均闊83公里，平均深度為51公尺，最大深度230公尺，集水區面積276,000平方公里，水體體積908立方公里。湖中有約660個島嶼，總面積為455平方公里。除了著名的維拉姆島外，大部分小島處於西北部。拉多加湖的集水區包括50,000個湖泊和3,500條長逾10公里的河流。約85%水源來自支流，13%來自雨水，剩下的2%是地下水。",Lake Ladoga,3610
河川簡介,奧涅加湖,奧涅加湖，是歐洲第二大湖。位於俄羅斯西北部，大部分位於卡累利阿共和國境內，南部在列寧格勒州和沃洛格達州境內。屬冰川構造湖。湖盆從西北向東南延伸，長250公里。最寬處91.6公里，面積9700平方公里。湖面海拔33公尺。西北和北岸為由花崗岩組成的曲折岩岸，多湖灣；東南和南為平直的沙岸，多湖灘。湖盆南淺北深，平均水深30公尺，水體積292×109立方公尺。有1369個湖島，總面積250平方公里。大多數水量來自舒亞、沃德拉等58條河流。通過運河與白海、波羅的海相連，有重要航運價值。湖內盛產多種魚類。,Lake Onega,3611
河川簡介,斯維里河,斯維里河，是俄羅斯的河流，位於列寧格勒州東北部，河水經河道從奧涅加湖流往拉多加湖，因此斯維里河把這兩個歐洲最大型湖泊連接，也是流入拉多加湖的最大河流。,Svir river,3612
河川簡介,伊爾門湖,伊爾門湖，是俄羅斯諾夫哥羅德州重要的湖泊，以前是瓦良格人和希臘人的貿易道路，諾夫哥羅德城位於湖的出口處以下約6公里。湖泊面積為982平方公里(按水位改變為733至2090平方公里)，52條河流入伊爾門湖，主要4條為姆斯塔河、 波拉河、洛瓦季河和舍隆河，經沃爾霍夫河流進拉多加湖，再經涅瓦河流進芬蘭灣。水位由位於沃爾霍夫河下游的沃爾霍夫水力發電站水壩控制，七月的水溫為19-20 °C，和暖季節約90日。,Lake Ilmen,3613
河川簡介,沃爾霍夫河,"沃爾霍夫河，是俄羅斯西北部的河流，位於諾夫哥羅德州和列寧格勒州，河道全長224公里，流域面積80,200平方公里，發源自伊爾門湖，向北流入拉多加湖，是拉多加湖的第二大支流，河流在11月至4月結冰。",Volkhov,3614
河川簡介,塞馬湖,塞馬湖，是芬蘭最大的湖泊，也是歐洲第四大湖泊，位於芬蘭的南部。塞馬湖也是塞馬環斑海豹的棲息地，牠同時也是世界上三種淡水海豹之一。,Saimaa,3615
河川簡介,武克希河,武克希河，是卡累利阿地峽最北面的一條河流，源頭為芬蘭東南部的塞馬湖，流入俄羅斯西北部的拉多加湖。武克希河共有3個分支匯入拉多加湖，老的主北分支位於普里奧焦爾斯克，另一個較小的分支在其北面幾公里處。從1857年開始，一個新的南分支位於55公里處，被稱為Burnaya河。老的分支1857年後開始斷流，北面和南面的分支實際上屬於兩個不同的河流系統，有時在旱季互相隔離。塞馬湖與拉多加湖的落差為69公尺。武克希河北分支長度為150公里，南分支長度為162公里。從整個流域而言，河道寬處形成一系列湖泊，由短的河流將這些湖泊相連。,Vuoksi,3616
河川簡介,夏西河,夏西河，是俄羅斯的河流，位於諾夫哥羅德州和列寧格勒州，從發源地瓦爾代高地往北流往拉多加湖，河口附近有小鎮夏西斯特羅伊，從11月至4月結冰。,Syas River,3617
河川簡介,馬拉開波湖,馬拉開波湖，是南美洲最大的湖泊及潟湖；位於委內瑞拉西北部沿海地區，安第斯山脈和佩里哈-東科迪勒拉山脈之間的馬拉開波低地中，係安第斯山北段一斷層陷落的構造湖。以長55公里，最窄處寬僅1公里的水道通委內瑞拉灣；南北長159公里，東西寬108公里，湖岸線長約1000公里；面積13210平方公里；最深點60公尺。湖周圍為沼澤低地，湖水較淺，並受到河流沖淡，南部水淡，北部微鹹。沿湖周圍為世界著名石油產區，有石油湖之稱。油田集中於東北岸和西北岸。其北部通過馬拉開波海峽與加勒比海委內瑞拉灣相連，因此與其說是湖泊，更接近是個海灣。湖岸西北的馬拉開波是委內瑞拉第二大城市和港口。,Lake Maracaibo,3618
河川簡介,洞里薩湖,"洞里薩湖，位於柬埔寨境內西部，是東南亞最大的淡水湖。枯水期（12月－4月）湖水經洞里薩河注入湄公河，湖水平均深度為1公尺，面積2,700平方公里；雨季因湄公河回流，水深可達9公尺，面積則擴展至16,000平方公里。因為湄公河水內含沖積物質所帶來的養份，使得湖中滋生大量的魚蝦，無論旱、雨季都出產甚豐。目前洞里薩湖是柬埔寨北部的主要「肉食倉庫」。目前環湖的大城市除金邊市以外，還有：馬德望市、菩薩市、暹粒市、磅通市和磅清揚市。",Tonle Sap,3619
河川簡介,湄公河,湄公河，幹流全長4180公里，是亞洲最重要的跨國水系，世界第十二長河流，亞洲第七長河流；主源為扎曲，發源於中國青海省玉樹藏族自治州雜多縣。流經中國西藏自治區、雲南省、寮國、緬甸、泰國、柬埔寨和越南，於越南胡志明市以南省份流入南海。流域除中國和緬甸外，均為湄公河委員會成員國。湄公河上游在中國境內，稱為瀾滄江，，下游三角洲在越南境內，因由越南流入南海有9個入海口，故越南稱之為九龍江。由於湄公河在旱季及雨季的流量有極大變化，以及主幹流有不少激流及瀑布，造成湄公河的航運能力差。目前湄公河只有下游550公里可通航。,Mekong River,3620
河川簡介,瀾滄江,"瀾滄江，是湄公河上游中國境內河段的名稱，其上游為扎曲，發源於青海省玉樹藏族自治州雜多縣扎青鄉北部，流經青海、西藏和雲南三省區，在勐臘縣出境成為寮國和緬甸的界河後，始稱湄公河。流域面積16.48萬平方公里，長2,139公里，多年平均出境水量765億立方公尺。瀾滄江的水電已經全面開發。瀾滄江上游段高山融雪補給占有一定比重，但是地下水補給占50%，中游段地下水補給增加，下游的地下水補給占60%以上。瀾滄江逕流量主要來自下游，下游允景洪站年逕流量達到566.1億立方公尺。瀾滄江上中游高山逕流，冬季不到全年逕流量的10%，夏季達到50%。",Lancang River,3621
河川簡介,帕托斯湖,"帕托斯湖，是巴西的湖泊，位於該國南部，由南里奧格蘭德州負責管轄，長280公里、寬70公里，面積9,850平方公里，是拉丁美洲第二大潟湖，平均水深3公尺，最大水深7公尺。",Lagoa dos Patos,3622
河川簡介,密林湖,"密林湖，是南美洲的湖泊，位於巴西南里奧格蘭德州南部和烏拉圭東部，長174公里、寬35公里，面積3,750平方公里，集水區面積62,250平方公里，最大水深30公尺。",Lagoon Mirim,3623
河川簡介,奧涅加湖,奧涅加湖，是歐洲第二大湖。位於俄羅斯西北部，大部分位於卡累利阿共和國境內，南部在列寧格勒州和沃洛格達州境內。屬冰川構造湖。湖盆從西北向東南延伸，長250公里。最寬處91.6公里，面積9700平方公里。湖面海拔33公尺。西北和北岸為由花崗岩組成的曲折岩岸，多湖灣；東南和南為平直的沙岸，多湖灘。湖盆南淺北深，平均水深30公尺，水體積292×109立方公尺。有1369個湖島，總面積250平方公里。大多數水量來自舒亞、沃德拉等58條河流。通過運河與白海、波羅的海相連，有重要航運價值。湖內盛產多種魚類。,Lake Onega,3632
河川簡介,克烈季湖,克烈季湖，是俄羅斯西北部卡累利阿共和國的最大淡水湖，面積為223平方公里，湖中有約130島嶼。克烈季湖被用作漁業，在十一月至五月尾結冰。,Lake Keret,3633
河川簡介,圖洛斯湖,圖洛斯湖，是俄羅斯西北部的大型淡水湖，位於卡累利阿共和國內，鄰近與芬蘭接壤邊境，海拔157公尺，長27公里、闊7公里，面積95.7平方公里，最大深度23公尺，集水區面積832平方公里，湖中有11種魚類，在每年11月開始結冰，直至翌年5月。,Lake Tulos,3634
河川簡介,沃德洛澤羅湖,沃德洛澤羅湖，是俄羅斯的大型淡水湖，位於卡累利阿共和國東南部，面積322平方公里，長36公里、闊16公里，是沃德拉河的發源地，湖中有超過190個島嶼，每年11月上旬開始結冰，直至翌年5月上旬。,Lake Vodlozero,3635
河川簡介,鄂畢河,鄂畢河，位於西伯利亞西部，是俄羅斯第四長河，也是世界上的一條著名長河。鄂畢河位於西伯利亞三大河最西側，注入北冰洋鄂畢灣，鄂畢灣也是世界最長的河口。鄂畢河長度為3650公里，流域面積達297萬平方公里。發源於阿爾泰山的比亞河和卡通河在阿爾泰邊疆區的比斯克西南匯流形成鄂畢河。比亞河發源於捷列茨湖，卡通河則發源於別盧哈山的冰川。在到達北緯55°前，鄂畢河曲折向北或者向西流，然後向西北劃出一個巨大的弧線，然後向北，最終向東注入鄂畢灣。鄂畢灣是一個連接北冰洋喀拉海的上千公里長的狹長海灣。,Ob River,3636
河川簡介,額爾齊斯河,額爾齊斯河，發源於阿爾泰山東南部，是中國唯一的北冰洋水系河流。額爾齊斯河全長4248公里，流域面積164.3萬平方公里，在中國境內全長593公里，出國境後流入哈薩克斯坦齋桑泊，繼續北流進入俄羅斯，最後在漢特-曼西斯克城附近匯入鄂畢河。,Irtysh River,3637
河川簡介,托木河,托木河，鄂畢河上游的一條河流，在托木斯克附近匯入鄂畢河左岸。主要依靠融雪補給，封凍期近半年，自每年10月或11月初至次年4月下旬或5月上旬。左岸主要支流有姆拉蘇河、孔多馬河、烏尼加河；右岸主要支流有：烏薩河、上捷爾西河、中捷爾西河、下捷爾西河、泰棟河等。,Tom River,3638
河川簡介,克季河,"克季河，俄羅斯的河流，位於克拉斯諾亞爾斯克邊疆區和托木斯克州，屬於鄂畢河的右支流，河道全長1,621公里，流域面積94,200平方公里，河道在10月底至5月初結冰。",Ket River,3639
河川簡介,特公尺河,特公尺河，是俄羅斯薩哈林州庫頁島北部的主要河流。發源於洛帕京山，向北流淌，在諾格利基注入鄂霍茨克海，全長400公里。,Tym River,3640
河川簡介,瓦赫河,瓦赫河，是斯洛伐克境內最長的一條河流。多瑙河的支流之一。總長度406公里。瓦赫河有兩個源頭。自西向東流經了斯洛伐克的大部分國土。在科馬爾諾注入多瑙河。,Vah,3641
河川簡介,比亞河,"比亞河，是俄羅斯阿爾泰邊疆區的河流，長度為301公里，集水區的面積是37,000平方公里，跟卡通河匯合形成鄂畢河，流往捷列茨科耶湖。比亞河在11月中至12月初結冰（有些部分終年結冰），在約4月中融冰，船隻可從海口駛往比斯克鎮。",Biya River,3642
河川簡介,丘梅什河,"丘梅什河，俄羅斯的河流，位於阿爾泰邊疆區，屬於鄂畢河的右支流，河道全長644公里，流域面積23,900平方公里，河水主要來自融雪，每年在十一月至翌年四月結冰。",Chumysh river,3643
河川簡介,別爾季河,"別爾季河，是俄羅斯的一條河流，位於阿爾泰邊疆區和新西伯利亞州，西西伯利亞平原上，屬於鄂畢河的右支流，河道全長363公里，流域面積8,740平方公里，在每年11月上旬開始結冰，直至翌年4月中旬，河畔城鎮有別爾茨克和伊斯基季姆。別爾季河發源於科麥羅沃州的薩萊爾山440公尺高處。發源後它立即流入阿爾泰邊疆區。它主要流經新西伯利亞州。它的河谷很寬，因此它在裡面形成許多曲流。它的總流向是向西和西北。最後它在別爾茨克注入鄂畢河。鄂畢河在這裡被阻形成了水位113公尺的新西伯利亞水庫。別爾季河在這裡被阻形成的水域長40公里，寬至3公里。在新西伯利亞水庫被建造前別爾季河的總長度為416公里。別爾季河的流域面積8740平方公里。在離源頭40公里處它的流量為每秒45.8立方公尺，在即將注入新西伯利亞水庫處的寬度為75公尺，深1.7公尺，流速每秒0.5公尺。每年11月至4月中別爾季河封凍。",Berd river,3644
河川簡介,伊尼亞河,"伊尼亞河是俄羅斯的河流，位於科麥羅沃州和新西伯利亞州，屬於鄂畢河的右支流，河道全長663公里，流域面積17,600平方公里。伊尼亞河從發源地庫茲涅茨克盆地往西流至新西伯利亞東南5公里處注入鄂畢河，河畔城鎮有列寧斯克-庫茲涅茨基和托古欽。",Inya river,3645
河川簡介,丘雷姆河,"丘雷姆河，是俄羅斯的河流，位於克拉斯諾亞爾斯克邊疆區和托木斯克州，屬於鄂畢河的右支流，河道全長1,799公里，流域面積134,000平方公里，河畔城鎮有納扎羅沃、阿欽斯克和阿西諾。",Chulym river,3646
河川簡介,瓦京斯基約甘河,"瓦京斯基約甘河，俄羅斯的河流，屬於鄂畢河的右支流，由漢特-曼西自治區負責管轄，河道全長593公里，流域面積3,190平方公里，河水主要來自融雪，每年十一月至翌年五月結冰，蘊藏的天然資源有石油和天然氣。",Vatinsky river,3647
河川簡介,特羅公尺耶甘河,"特羅公尺耶甘河是俄羅斯的河流，位於秋明州漢特-曼西自治區內，屬於鄂畢河的右支流，河道全長581公里，流域面積55,600平方公里，雨水主要來自融雪，在每年10月至11月上旬開始結冰，直至翌年5月，主要支流有阿甘河。",Tromyogan river,3648
河川簡介,皮姆河,"皮姆河，俄羅斯的河流，位於漢特-曼西自治區，屬於鄂畢河的右支流。皮姆河全長390公里，流域面積12,700平方公里，離河口166公里處平均流量每秒68立方公尺，在每年11月至5月被冰封，河畔城鎮有良托爾。",Pim river,3649
河川簡介,利亞明河,"利亞明河，俄羅斯的河流，屬於鄂畢河的右支流，由漢特-曼西自治區負責管轄，河道全長420公里，流域面積14,000平方公里，流經西西伯利亞平原，河水主要來自雨水和融雪，每年十月至翌年五月結冰。",Lyamin River,3650
河川簡介,舒奇亞河,"舒奇亞河，俄羅斯的河流，由亞馬爾-涅涅茨自治區負責管轄，屬於鄂畢河的左支流，河道全長565公里，流域面積12,300平方公里，發源自烏拉山脈，湖水主要來自雨水融雪，流經亞馬爾半島，每年十月至翌年六月結冰。",Schuchya river,3652
河川簡介,瑟尼亞河,"瑟尼亞河，俄羅斯的河流，屬於鄂畢河的左支流，由漢特-曼西自治區負責管轄，河道全長217公里，流域面積13,500平方公里，流經西西伯利亞平原，河水主要來自雨水和融雪，每年十月至翌年五月結冰。",Syna river,3653
河川簡介,北索西瓦河,"北索西瓦河，俄羅斯的河流，位於漢特-曼西自治區內，屬於鄂畢河的左支流，流經西西伯利亞平原，河道全長754公里，流域面積98,300平方公里，在每年11月開始結冰，直至翌年4月。",Severnaya osva river,3654
河川簡介,大尤甘河,"大尤甘河，俄羅斯的河流，屬於鄂畢河的左支流，由漢特-曼西自治區負責管轄，河道全長1,063公里，流域面積34,700平方公里，流經西西伯利亞平原，河水主要來自融雪，每年十月至翌年五月結冰。",Bolshoy Yugan river,3655
河川簡介,瓦休甘河,"瓦休甘河，俄羅斯的河流，位於托木斯克州的西西伯利亞平原，屬於鄂畢河的左支流，河道全長1,082公里，流域面域61,800平方公里，發源自瓦休甘沼澤。",Vasyugan river,3656
河川簡介,帕拉別利河,"帕拉別利河，俄羅斯的河流，位於托木斯克州，屬於鄂畢河的左支流，河道全長308公里，流域面積25,500平方公里，河道在每年10月下旬至5月初被冰封。",Parabel River,3657
河川簡介,恰亞河,"恰亞河是俄羅斯的河流，屬於鄂畢河的左支流，由托木斯克州負責管轄，河道全長134公里，流域面積27,200平方公里，河水主要來自雨水和融雪，每年十一月至翌年四月結冰。",Caja river,3658
河川簡介,舍加爾卡河,"舍加爾卡河，俄羅斯的河流，屬於鄂畢河的左支流，由托木斯克州和新西伯利亞州負責管轄，河道全長382公里，流域面積12,000平方公里，發源自瓦休甘平原，河水主要來自融雪，每年十月至翌年五月結冰。",Shegarka river,3659
河川簡介,阿列伊河,阿列伊河，俄羅斯的河流，位於阿爾泰邊疆區境內，屬於鄂畢河的支流。阿列伊河沿途河畔的城鎮有魯布佐夫斯克和阿列伊斯克。,Aley River,3660
河川簡介,恰雷什河,"恰雷什河是俄羅斯西伯利亞西南部的河流，發源自阿爾泰共和國，流經阿爾泰邊疆區，在離巴爾瑙爾的地方流進鄂畢河，河道全長547公里，流域面積22,220平方公里。",Charysh River,3661
河川簡介,阿努伊河,"阿努伊河，俄羅斯西伯利亞的河流，位於阿爾泰共和國，屬於鄂畢河的左支流，河道全長327公里，由黑阿努伊河和白阿努伊河組成，流域面積6,930平方公里。阿努伊河在海拔250公尺處從阿爾泰山脈離開，往東北方向在比斯克附近海拔150公尺處流入鄂畢河，河道不能讓船隻行，而每年11月至4月時河流會結冰。",Anuy River,3662
河川簡介,卡通河,"卡通河，是一條俄羅斯境內的河流，位於阿爾泰共和國和阿爾泰邊疆區，河道全長688公里，流域面積60,900平方公里。卡通河發源自別盧哈山南麓的冰川，在比斯克西南19公里與比亞河匯合形成鄂畢河，河道可讓船隻航行，但在11月至4月被冰封。",Katun River,3663
河川簡介,金崙溪,金崙溪為一位於台灣東部之縣市管河川，幹流長度26.40公里，流域面積151.94平方公里，分布於台東縣太麻里鄉、金峰鄉。主流發源於金峰鄉歷坵村衣丁山東麓，先向北北東流，匯集源自南大武山、茶仁山諸支流後，轉向東南流，經飛龍、近黃、地克崙、莫哥布各、歷坵，進入太麻里鄉境，再流經仁愛部落、賓茂，最終於金崙南側注入太平洋。,,4010